"Nama Varieti","Gred","Unit","Harga Tinggi","Harga Purata","Harga Rendah","Pusat","Negeri","Tarikh"
"BAWANG MERAH KECIL (THAI)","F.A.Q","KILOGRAM","15.00",14.5,14," JOHOR BAHRU"," JOHOR",2016-01-21
"BAYAM HIJAU","F.A.Q","KILOGRAM","5.00",4.5,4," JOHOR BAHRU"," JOHOR",2016-01-21
"BUNGA KANTAN","F.A.Q","TANGKAI","1.50",1.35,1.2," JOHOR BAHRU"," JOHOR",2016-01-21
"CILI HIJAU","F.A.Q","KILOGRAM","11.00",10.5,10," JOHOR BAHRU"," JOHOR",2016-01-21
"CILI MERAH KULAI","F.A.Q","KILOGRAM","13.00",12,11," JOHOR BAHRU"," JOHOR",2016-01-21
"DAUN BAWANG","F.A.Q","KILOGRAM","6.00",5.5,5," JOHOR BAHRU"," JOHOR",2016-01-21
"DAUN KOBIS/KOBIS PANJANG (TEMPATAN)","F.A.Q","KILOGRAM","6.00",5.5,5," JOHOR BAHRU"," JOHOR",2016-01-21
"DAUN SUP/SADRI CINA TEMPATAN TANAH TINGGI","F.A.Q","KILOGRAM","7.50",7,6.5," JOHOR BAHRU"," JOHOR",2016-01-21
"HALIA MUDA","F.A.Q","KILOGRAM","12.00",11,10," JOHOR BAHRU"," JOHOR",2016-01-21
"HALIA TUA","F.A.Q","KILOGRAM","9.00",8.5,8," JOHOR BAHRU"," JOHOR",2016-01-21
"KACANG BENDI","F.A.Q","KILOGRAM","7.50",7.25,7," JOHOR BAHRU"," JOHOR",2016-01-21
"KACANG BUNCIS","F.A.Q","KILOGRAM","9.50",9,8.5," JOHOR BAHRU"," JOHOR",2016-01-21
"KACANG PANJANG HIJAU","F.A.Q","KILOGRAM","6.50",6,5.5," JOHOR BAHRU"," JOHOR",2016-01-21
"KAILAN","F.A.Q","KILOGRAM","5.50",5,4.5," JOHOR BAHRU"," JOHOR",2016-01-21
"KANGKUNG/KANGKONG","F.A.Q","KILOGRAM","4.50",4.25,4," JOHOR BAHRU"," JOHOR",2016-01-21
"KETOLA SEGI","F.A.Q","KILOGRAM","5.50",5.25,5," JOHOR BAHRU"," JOHOR",2016-01-21
"KOBIS BULAT (CHINA)","F.A.Q","KILOGRAM","4.50",4.25,4," JOHOR BAHRU"," JOHOR",2016-01-21
"KOBIS BULAT (INDONESIA)","F.A.Q","KILOGRAM","3.50",3.25,3," JOHOR BAHRU"," JOHOR",2016-01-21
"KOBIS BULAT (TANAH TINGGI)","F.A.Q","KILOGRAM","4.50",4.25,4," JOHOR BAHRU"," JOHOR",2016-01-21
"LOBAK MERAH (IMPORT)","F.A.Q","KILOGRAM","5.00",4.5,4," JOHOR BAHRU"," JOHOR",2016-01-21
"SALAD BULAT TANAH TINGGI","F.A.Q","KILOGRAM","10.00",9.5,9," JOHOR BAHRU"," JOHOR",2016-01-21
"SALAD TANAH RENDAH","F.A.Q","KILOGRAM","11.00",10.5,10," JOHOR BAHRU"," JOHOR",2016-01-21
"SAWI HIJAU CERAH","F.A.Q","KILOGRAM","5.50",5.25,5," JOHOR BAHRU"," JOHOR",2016-01-21
"TERUNG PEPARU PANJANG TANAH RENDAH","F.A.Q","KILOGRAM","6.50",6.25,6," JOHOR BAHRU"," JOHOR",2016-01-21
"TIMUN HIJAU CERAH","F.A.Q","KILOGRAM","3.00",2.4,1.8," JOHOR BAHRU"," JOHOR",2016-01-21
"TOMATO TANAH TINGGI","F.A.Q","KILOGRAM","5.00",4.5,4," JOHOR BAHRU"," JOHOR",2016-01-21
"AYAM PROSES (STANDARD)","F.A.Q","KILOGRAM","8.00",8,8," KOTA SETAR"," KEDAH",2016-01-21
"AYAM PROSES (SUPER)","F.A.Q","KILOGRAM","8.50",8.5,8.5," KOTA SETAR"," KEDAH",2016-01-21
"BAWANG MERAH KECIL (THAI)","F.A.Q","KILOGRAM","10.00",9,8," KOTA SETAR"," KEDAH",2016-01-21
"BAYAM HIJAU","F.A.Q","KILOGRAM","4.00",3.75,3.5," KOTA SETAR"," KEDAH",2016-01-21
"BELIMBING BESI (B10)","F.A.Q","KILOGRAM","6.50",6.25,6," KOTA SETAR"," KEDAH",2016-01-21
"BETIK","F.A.Q","KILOGRAM","3.50",3.25,3," KOTA SETAR"," KEDAH",2016-01-21
"BETIK HONG KONG / BETIK SEKAKI","F.A.Q","KILOGRAM","3.50",3.25,3," KOTA SETAR"," KEDAH",2016-01-21
"BIRI-BIRI IMPORT BEKU","F.A.Q","KILOGRAM","25.00",24.5,24," KOTA SETAR"," KEDAH",2016-01-21
"BUNGA KANTAN","F.A.Q","TANGKAI","1.50",1.15,0.8," KOTA SETAR"," KEDAH",2016-01-21
"CILI HIJAU","F.A.Q","KILOGRAM","8.00",7.5,7," KOTA SETAR"," KEDAH",2016-01-21
"CILI MERAH KULAI","F.A.Q","KILOGRAM","10.00",10,10," KOTA SETAR"," KEDAH",2016-01-21
"DAGING IMPORT PEJAL (INDIA) - SILVER SIDE","F.A.Q","KILOGRAM","17.00",16.75,16.5," KOTA SETAR"," KEDAH",2016-01-21
"DAGING IMPORT PEJAL (INDIA) - TOP SIDE","F.A.Q","KILOGRAM","17.00",16.75,16.5," KOTA SETAR"," KEDAH",2016-01-21
"DAGING PEJAL","F.A.Q","KILOGRAM","28.00",27,26," KOTA SETAR"," KEDAH",2016-01-21
"DAUN BAWANG","F.A.Q","KILOGRAM","6.00",5.5,5," KOTA SETAR"," KEDAH",2016-01-21
"DAUN KOBIS/KOBIS PANJANG (TEMPATAN)","F.A.Q","KILOGRAM","4.50",4,3.5," KOTA SETAR"," KEDAH",2016-01-21
"DAUN SUP/SADRI CINA TEMPATAN TANAH TINGGI","F.A.Q","KILOGRAM","7.00",6.5,6," KOTA SETAR"," KEDAH",2016-01-21
"EPAL MERAH","SEDANG","BIJI","1.20",1.05,0.9," KOTA SETAR"," KEDAH",2016-01-21
"HALIA MUDA","F.A.Q","KILOGRAM","8.00",7.5,7," KOTA SETAR"," KEDAH",2016-01-21
"HALIA TUA (IMPORT)","F.A.Q","KILOGRAM","7.00",6.5,6," KOTA SETAR"," KEDAH",2016-01-21
"KACANG BENDI","F.A.Q","KILOGRAM","7.00",7,7," KOTA SETAR"," KEDAH",2016-01-21
"KACANG BUNCIS","F.A.Q","KILOGRAM","8.50",8.25,8," KOTA SETAR"," KEDAH",2016-01-21
"KACANG PANJANG HIJAU","F.A.Q","KILOGRAM","5.00",4.5,4," KOTA SETAR"," KEDAH",2016-01-21
"KAILAN","F.A.Q","KILOGRAM","8.00",7,6," KOTA SETAR"," KEDAH",2016-01-21
"KAILAN (IMPORT)","F.A.Q","KILOGRAM","6.00",5.5,5," KOTA SETAR"," KEDAH",2016-01-21
"KAMBING (PEJAL)","F.A.Q","KILOGRAM","40.00",40,40," KOTA SETAR"," KEDAH",2016-01-21
"KANGKUNG/KANGKONG","F.A.Q","KILOGRAM","3.50",3.25,3," KOTA SETAR"," KEDAH",2016-01-21
"KELAPA DIKUPAS","SEDANG","BIJI","2.00",2,2," KOTA SETAR"," KEDAH",2016-01-21
"KELAPA PARUT","F.A.Q","KILOGRAM","6.00",6,6," KOTA SETAR"," KEDAH",2016-01-21
"KETOLA SEGI","F.A.Q","KILOGRAM","4.00",3.5,3," KOTA SETAR"," KEDAH",2016-01-21
"KOBIS BULAT (CHINA)","F.A.Q","KILOGRAM","4.00",3.75,3.5," KOTA SETAR"," KEDAH",2016-01-21
"KOBIS BULAT (INDONESIA)","F.A.Q","KILOGRAM","3.00",2.75,2.5," KOTA SETAR"," KEDAH",2016-01-21
"KOBIS BULAT (TANAH TINGGI)","F.A.Q","KILOGRAM","4.00",3.25,2.5," KOTA SETAR"," KEDAH",2016-01-21
"LOBAK MERAH (IMPORT)","F.A.Q","KILOGRAM","4.00",3.75,3.5," KOTA SETAR"," KEDAH",2016-01-21
"PERIA","F.A.Q","KILOGRAM","5.00",4.5,4," KOTA SETAR"," KEDAH",2016-01-21
"PISANG BERANGAN","F.A.Q","KILOGRAM","4.50",4.25,4," KOTA SETAR"," KEDAH",2016-01-21
"PISANG MONTEL (CAVENDISH)","F.A.Q","KILOGRAM","4.00",4,4," KOTA SETAR"," KEDAH",2016-01-21
"SALAD BULAT TANAH TINGGI","F.A.Q","KILOGRAM","8.00",7.5,7," KOTA SETAR"," KEDAH",2016-01-21
"SALAD TANAH RENDAH","F.A.Q","KILOGRAM","10.00",9.5,9," KOTA SETAR"," KEDAH",2016-01-21
"SANTAN","F.A.Q","KILOGRAM","10.00",9.5,9," KOTA SETAR"," KEDAH",2016-01-21
"SAWI HIJAU CERAH","F.A.Q","KILOGRAM","4.00",3.75,3.5," KOTA SETAR"," KEDAH",2016-01-21
"TELUR AYAM","A","BIJI",".35",0.35,0.34," KOTA SETAR"," KEDAH",2016-01-21
"TELUR AYAM","B","BIJI",".34",0.34,0.33," KOTA SETAR"," KEDAH",2016-01-21
"TELUR AYAM","C","BIJI",".33",0.33,0.32," KOTA SETAR"," KEDAH",2016-01-21
"TEMBIKAI NEW DRAGON","F.A.Q","KILOGRAM","3.50",3.25,3," KOTA SETAR"," KEDAH",2016-01-21
"TERUNG PEPARU PANJANG TANAH RENDAH","F.A.Q","KILOGRAM","5.00",4.5,4," KOTA SETAR"," KEDAH",2016-01-21
"TIMUN HIJAU CERAH","F.A.Q","KILOGRAM","2.20",2.1,2," KOTA SETAR"," KEDAH",2016-01-21
"TOMATO TANAH TINGGI","F.A.Q","KILOGRAM","3.50",3.25,3," KOTA SETAR"," KEDAH",2016-01-21
"UBI KENTANG","F.A.Q","KILOGRAM","3.00",3,3," KOTA SETAR"," KEDAH",2016-01-21
"AYAM PROSES (STANDARD)","F.A.Q","KILOGRAM","8.00",8,8," KOTA BHARU"," KELANTAN",2016-01-21
"AYAM PROSES (SUPER)","F.A.Q","KILOGRAM","8.50",8.5,8.5," KOTA BHARU"," KELANTAN",2016-01-21
"BETIK","F.A.Q","KILOGRAM","3.00",3,3," KOTA BHARU"," KELANTAN",2016-01-21
"BUNGA KANTAN","F.A.Q","TANGKAI","2.00",2,2," KOTA BHARU"," KELANTAN",2016-01-21
"CILI MERAH KULAI","F.A.Q","KILOGRAM","8.00",8,8," KOTA BHARU"," KELANTAN",2016-01-21
"DAGING IMPORT PEJAL (INDIA) - SILVER SIDE","F.A.Q","KILOGRAM","17.00",17,17," KOTA BHARU"," KELANTAN",2016-01-21
"DAGING IMPORT PEJAL (INDIA) - TOP SIDE","F.A.Q","KILOGRAM","17.00",17,17," KOTA BHARU"," KELANTAN",2016-01-21
"DAGING PEJAL","F.A.Q","KILOGRAM","26.00",26,26," KOTA BHARU"," KELANTAN",2016-01-21
"DAUN BAWANG","F.A.Q","KILOGRAM","5.00",5,5," KOTA BHARU"," KELANTAN",2016-01-21
"DAUN KOBIS/KOBIS PANJANG (TEMPATAN)","F.A.Q","KILOGRAM","4.00",3.75,3.5," KOTA BHARU"," KELANTAN",2016-01-21
"DAUN SUP/SADRI CINA TEMPATAN TANAH TINGGI","F.A.Q","KILOGRAM","6.00",6,6," KOTA BHARU"," KELANTAN",2016-01-21
"EPAL MERAH","SEDANG","BIJI",".80",0.8,0.8," KOTA BHARU"," KELANTAN",2016-01-21
"HALIA MUDA (IMPORT)","F.A.Q","KILOGRAM","7.00",6.75,6.5," KOTA BHARU"," KELANTAN",2016-01-21
"HALIA TUA","F.A.Q","KILOGRAM","7.00",7,7," KOTA BHARU"," KELANTAN",2016-01-21
"HALIA TUA (IMPORT)","F.A.Q","KILOGRAM","7.00",6.75,6.5," KOTA BHARU"," KELANTAN",2016-01-21
"KACANG BENDI","F.A.Q","KILOGRAM","5.00",5,5," KOTA BHARU"," KELANTAN",2016-01-21
"KACANG BUNCIS","F.A.Q","KILOGRAM","5.00",5,5," KOTA BHARU"," KELANTAN",2016-01-21
"KACANG PANJANG HIJAU","F.A.Q","KILOGRAM","4.00",4,4," KOTA BHARU"," KELANTAN",2016-01-21
"KAILAN (IMPORT)","F.A.Q","KILOGRAM","4.00",4,4," KOTA BHARU"," KELANTAN",2016-01-21
"KAMBING (PEJAL)","F.A.Q","KILOGRAM","38.00",38,38," KOTA BHARU"," KELANTAN",2016-01-21
"KANGKUNG/KANGKONG","F.A.Q","KILOGRAM","2.50",2.5,2.5," KOTA BHARU"," KELANTAN",2016-01-21
"KELAPA DIKUPAS","SEDANG","BIJI","1.60",1.6,1.6," KOTA BHARU"," KELANTAN",2016-01-21
"KELAPA PARUT","F.A.Q","KILOGRAM","5.00",5,5," KOTA BHARU"," KELANTAN",2016-01-21
"KETOLA SEGI","F.A.Q","KILOGRAM","2.00",2,2," KOTA BHARU"," KELANTAN",2016-01-21
"KOBIS BULAT (TANAH TINGGI)","F.A.Q","KILOGRAM","3.00",3,3," KOTA BHARU"," KELANTAN",2016-01-21
"LOBAK MERAH (IMPORT)","F.A.Q","KILOGRAM","3.00",3,3," KOTA BHARU"," KELANTAN",2016-01-21
"PERIA","F.A.Q","KILOGRAM","5.00",5,5," KOTA BHARU"," KELANTAN",2016-01-21
"PISANG BERANGAN","F.A.Q","KILOGRAM","4.50",4.5,4.5," KOTA BHARU"," KELANTAN",2016-01-21
"SALAD BULAT TANAH TINGGI","F.A.Q","KILOGRAM","5.00",5,5," KOTA BHARU"," KELANTAN",2016-01-21
"SALAD TANAH RENDAH","F.A.Q","KILOGRAM","8.00",8,8," KOTA BHARU"," KELANTAN",2016-01-21
"SANTAN","F.A.Q","KILOGRAM","8.00",8,8," KOTA BHARU"," KELANTAN",2016-01-21
"SAWI HIJAU CERAH","F.A.Q","KILOGRAM","3.00",3,3," KOTA BHARU"," KELANTAN",2016-01-21
"TELUR AYAM","B","BIJI",".33",0.33,0.33," KOTA BHARU"," KELANTAN",2016-01-21
"TERUNG PEPARU PANJANG TANAH RENDAH","F.A.Q","KILOGRAM","4.50",4.25,4," KOTA BHARU"," KELANTAN",2016-01-21
"TIMUN HIJAU CERAH","F.A.Q","KILOGRAM","2.50",2.25,2," KOTA BHARU"," KELANTAN",2016-01-21
"TOMATO TANAH TINGGI","F.A.Q","KILOGRAM","3.00",3,3," KOTA BHARU"," KELANTAN",2016-01-21
"UBI KENTANG","F.A.Q","KILOGRAM","3.50",3.5,3.5," KOTA BHARU"," KELANTAN",2016-01-21
"AYAM PROSES (STANDARD)","F.A.Q","KILOGRAM","8.50",8.35,8.2," MELAKA TENGAH"," MELAKA",2016-01-21
"BAWANG MERAH KECIL (THAI)","F.A.Q","KILOGRAM","13.00",12.5,12," MELAKA TENGAH"," MELAKA",2016-01-21
"BAYAM HIJAU","F.A.Q","KILOGRAM","3.00",2.75,2.5," MELAKA TENGAH"," MELAKA",2016-01-21
"BELIMBING BESI (B10)","F.A.Q","KILOGRAM","3.50",3.25,3," MELAKA TENGAH"," MELAKA",2016-01-21
"BELIMBING BESI B17/MADU","F.A.Q","KILOGRAM","4.00",3.9,3.8," MELAKA TENGAH"," MELAKA",2016-01-21
"BETIK","F.A.Q","KILOGRAM","3.50",3.25,3," MELAKA TENGAH"," MELAKA",2016-01-21
"BIRI-BIRI IMPORT BEKU","F.A.Q","KILOGRAM","24.00",24,24," MELAKA TENGAH"," MELAKA",2016-01-21
"CILI HIJAU","F.A.Q","KILOGRAM","10.00",9.25,8.5," MELAKA TENGAH"," MELAKA",2016-01-21
"CILI MERAH KULAI","F.A.Q","KILOGRAM","12.00",11.5,11," MELAKA TENGAH"," MELAKA",2016-01-21
"DAGING IMPORT PEJAL (INDIA) - SILVER SIDE","F.A.Q","KILOGRAM","12.00",11.75,11.5," MELAKA TENGAH"," MELAKA",2016-01-21
"DAGING IMPORT PEJAL (INDIA) - TOP SIDE","F.A.Q","KILOGRAM","14.50",14.25,14," MELAKA TENGAH"," MELAKA",2016-01-21
"DAGING PEJAL","F.A.Q","KILOGRAM","26.00",25.5,25," MELAKA TENGAH"," MELAKA",2016-01-21
"DAUN BAWANG","F.A.Q","KILOGRAM","8.00",7.5,7," MELAKA TENGAH"," MELAKA",2016-01-21
"DAUN KOBIS/KOBIS PANJANG (TEMPATAN)","F.A.Q","KILOGRAM","4.00",3.5,3," MELAKA TENGAH"," MELAKA",2016-01-21
"DAUN SUP/SADRI CINA TEMPATAN TANAH TINGGI","F.A.Q","KILOGRAM","8.00",7.5,7," MELAKA TENGAH"," MELAKA",2016-01-21
"EPAL MERAH","SEDANG","BIJI","1.20",1.1,1," MELAKA TENGAH"," MELAKA",2016-01-21
"HALIA MUDA","F.A.Q","KILOGRAM","9.00",8.5,8," MELAKA TENGAH"," MELAKA",2016-01-21
"HALIA TUA","F.A.Q","KILOGRAM","8.50",8,7.5," MELAKA TENGAH"," MELAKA",2016-01-21
"KACANG BENDI","F.A.Q","KILOGRAM","5.00",4.5,4," MELAKA TENGAH"," MELAKA",2016-01-21
"KACANG BUNCIS","F.A.Q","KILOGRAM","8.00",7.75,7.5," MELAKA TENGAH"," MELAKA",2016-01-21
"KACANG PANJANG HIJAU","F.A.Q","KILOGRAM","5.00",4.75,4.5," MELAKA TENGAH"," MELAKA",2016-01-21
"KAILAN","F.A.Q","KILOGRAM","6.50",6,5.5," MELAKA TENGAH"," MELAKA",2016-01-21
"KAMBING (PEJAL)","F.A.Q","KILOGRAM","32.00",32,32," MELAKA TENGAH"," MELAKA",2016-01-21
"KANGKUNG/KANGKONG","F.A.Q","KILOGRAM","3.00",2.75,2.5," MELAKA TENGAH"," MELAKA",2016-01-21
"KELAPA DIKUPAS","BESAR","BIJI","1.80",1.7,1.6," MELAKA TENGAH"," MELAKA",2016-01-21
"KELAPA PARUT","F.A.Q","KILOGRAM","6.00",6,6," MELAKA TENGAH"," MELAKA",2016-01-21
"KETOLA SEGI","F.A.Q","KILOGRAM","4.00",3.5,3," MELAKA TENGAH"," MELAKA",2016-01-21
"KOBIS BULAT (CHINA)","F.A.Q","KILOGRAM","4.00",3.75,3.5," MELAKA TENGAH"," MELAKA",2016-01-21
"KOBIS BULAT (INDONESIA)","F.A.Q","KILOGRAM","3.00",2.75,2.5," MELAKA TENGAH"," MELAKA",2016-01-21
"KOBIS BULAT (TANAH TINGGI)","F.A.Q","KILOGRAM","3.50",3,2.5," MELAKA TENGAH"," MELAKA",2016-01-21
"LOBAK MERAH (IMPORT)","F.A.Q","KILOGRAM","5.80",5.4,5," MELAKA TENGAH"," MELAKA",2016-01-21
"LOBAK MERAH (TEMPATAN)","F.A.Q","KILOGRAM","5.50",5.25,5," MELAKA TENGAH"," MELAKA",2016-01-21
"PERIA","F.A.Q","KILOGRAM","5.50",5,4.5," MELAKA TENGAH"," MELAKA",2016-01-21
"PISANG BERANGAN","F.A.Q","KILOGRAM","4.50",4.25,4," MELAKA TENGAH"," MELAKA",2016-01-21
"PISANG MONTEL (CAVENDISH)","F.A.Q","KILOGRAM","4.50",4.25,4," MELAKA TENGAH"," MELAKA",2016-01-21
"SALAD BULAT TANAH TINGGI","F.A.Q","KILOGRAM","8.00",7.6,7.2," MELAKA TENGAH"," MELAKA",2016-01-21
"SALAD TANAH RENDAH","F.A.Q","KILOGRAM","7.00",6.5,6," MELAKA TENGAH"," MELAKA",2016-01-21
"SANTAN","F.A.Q","KILOGRAM","8.00",7.75,7.5," MELAKA TENGAH"," MELAKA",2016-01-21
"SAWI HIJAU CERAH","F.A.Q","KILOGRAM","5.50",5,4.5," MELAKA TENGAH"," MELAKA",2016-01-21
"TELUR AYAM","A","BIJI",".38",0.38,0.38," MELAKA TENGAH"," MELAKA",2016-01-21
"TELUR AYAM","B","BIJI",".37",0.37,0.37," MELAKA TENGAH"," MELAKA",2016-01-21
"TELUR AYAM","C","BIJI",".36",0.36,0.36," MELAKA TENGAH"," MELAKA",2016-01-21
"TEMBIKAI NEW DRAGON","F.A.Q","KILOGRAM","2.80",2.65,2.5," MELAKA TENGAH"," MELAKA",2016-01-21
"TERUNG PEPARU PANJANG TANAH RENDAH","F.A.Q","KILOGRAM","6.00",5.5,5," MELAKA TENGAH"," MELAKA",2016-01-21
"TIMUN HIJAU CERAH","F.A.Q","KILOGRAM","2.50",2.35,2.2," MELAKA TENGAH"," MELAKA",2016-01-21
"TOMATO TANAH TINGGI","F.A.Q","KILOGRAM","5.00",4.5,4," MELAKA TENGAH"," MELAKA",2016-01-21
"UBI KENTANG","F.A.Q","KILOGRAM","3.00",3,3," MELAKA TENGAH"," MELAKA",2016-01-21
"AYAM PROSES (STANDARD)","F.A.Q","KILOGRAM","9.00",8.75,8.5," SEREMBAN"," NEGERI SEMBILAN",2016-01-21
"BAWANG MERAH KECIL (THAI)","F.A.Q","KILOGRAM","12.00",11,10," SEREMBAN"," NEGERI SEMBILAN",2016-01-21
"BAYAM HIJAU","F.A.Q","KILOGRAM","4.00",3.75,3.5," SEREMBAN"," NEGERI SEMBILAN",2016-01-21
"BELIMBING BESI (B10)","F.A.Q","KILOGRAM","5.00",5,5," SEREMBAN"," NEGERI SEMBILAN",2016-01-21
"BELIMBING BESI B17/MADU","F.A.Q","KILOGRAM","6.00",6,6," SEREMBAN"," NEGERI SEMBILAN",2016-01-21
"BETIK","F.A.Q","KILOGRAM","3.50",3.5,3.5," SEREMBAN"," NEGERI SEMBILAN",2016-01-21
"BIRI-BIRI IMPORT BEKU","F.A.Q","KILOGRAM","18.00",17.5,17," SEREMBAN"," NEGERI SEMBILAN",2016-01-21
"BUNGA KANTAN","F.A.Q","TANGKAI","1.30",1.25,1.2," SEREMBAN"," NEGERI SEMBILAN",2016-01-21
"CILI HIJAU","F.A.Q","KILOGRAM","7.00",6.5,6," SEREMBAN"," NEGERI SEMBILAN",2016-01-21
"CILI MERAH KULAI","F.A.Q","KILOGRAM","12.00",11,10," SEREMBAN"," NEGERI SEMBILAN",2016-01-21
"DAGING IMPORT PEJAL (INDIA) - SILVER SIDE","F.A.Q","KILOGRAM","13.00",13,13," SEREMBAN"," NEGERI SEMBILAN",2016-01-21
"DAGING IMPORT PEJAL (INDIA) - TOP SIDE","F.A.Q","KILOGRAM","14.00",14,14," SEREMBAN"," NEGERI SEMBILAN",2016-01-21
"DAGING PEJAL","F.A.Q","KILOGRAM","30.00",29.5,29," SEREMBAN"," NEGERI SEMBILAN",2016-01-21
"DAUN BAWANG","F.A.Q","KILOGRAM","6.00",5.5,5," SEREMBAN"," NEGERI SEMBILAN",2016-01-21
"DAUN KOBIS/KOBIS PANJANG (TEMPATAN)","F.A.Q","KILOGRAM","6.00",5.75,5.5," SEREMBAN"," NEGERI SEMBILAN",2016-01-21
"DAUN SUP/SADRI CINA TEMPATAN TANAH TINGGI","F.A.Q","KILOGRAM","6.00",6,6," SEREMBAN"," NEGERI SEMBILAN",2016-01-21
"EPAL MERAH","SEDANG","BIJI","2.20",2.2,2.2," SEREMBAN"," NEGERI SEMBILAN",2016-01-21
"HALIA MUDA","F.A.Q","KILOGRAM","8.00",7.5,7," SEREMBAN"," NEGERI SEMBILAN",2016-01-21
"HALIA MUDA (IMPORT)","F.A.Q","KILOGRAM","8.00",7.5,7," SEREMBAN"," NEGERI SEMBILAN",2016-01-21
"HALIA TUA","F.A.Q","KILOGRAM","10.00",9.5,9," SEREMBAN"," NEGERI SEMBILAN",2016-01-21
"HALIA TUA (IMPORT)","F.A.Q","KILOGRAM","9.00",8.5,8," SEREMBAN"," NEGERI SEMBILAN",2016-01-21
"KACANG BENDI","F.A.Q","KILOGRAM","7.00",6.5,6," SEREMBAN"," NEGERI SEMBILAN",2016-01-21
"KACANG BUNCIS","F.A.Q","KILOGRAM","12.00",11,10," SEREMBAN"," NEGERI SEMBILAN",2016-01-21
"KACANG PANJANG HIJAU","F.A.Q","KILOGRAM","5.00",4.75,4.5," SEREMBAN"," NEGERI SEMBILAN",2016-01-21
"KAILAN","F.A.Q","KILOGRAM","9.00",8.5,8," SEREMBAN"," NEGERI SEMBILAN",2016-01-21
"KAMBING (PEJAL)","F.A.Q","KILOGRAM","36.00",35,34," SEREMBAN"," NEGERI SEMBILAN",2016-01-21
"KANGKUNG/KANGKONG","F.A.Q","KILOGRAM","4.00",3.75,3.5," SEREMBAN"," NEGERI SEMBILAN",2016-01-21
"KELAPA DIKUPAS","SEDANG","BIJI","2.20",2.2,2.2," SEREMBAN"," NEGERI SEMBILAN",2016-01-21
"KELAPA PARUT","F.A.Q","KILOGRAM","6.50",6.25,6," SEREMBAN"," NEGERI SEMBILAN",2016-01-21
"KETOLA SEGI","F.A.Q","KILOGRAM","6.00",5.75,5.5," SEREMBAN"," NEGERI SEMBILAN",2016-01-21
"KOBIS BULAT (CHINA)","F.A.Q","KILOGRAM","5.50",5.25,5," SEREMBAN"," NEGERI SEMBILAN",2016-01-21
"KOBIS BULAT (TANAH TINGGI)","F.A.Q","KILOGRAM","4.00",3.75,3.5," SEREMBAN"," NEGERI SEMBILAN",2016-01-21
"LOBAK MERAH (IMPORT)","F.A.Q","KILOGRAM","4.50",3.75,3," SEREMBAN"," NEGERI SEMBILAN",2016-01-21
"LOBAK MERAH (TEMPATAN)","F.A.Q","KILOGRAM","4.00",3.75,3.5," SEREMBAN"," NEGERI SEMBILAN",2016-01-21
"PERIA","F.A.Q","KILOGRAM","6.00",5.75,5.5," SEREMBAN"," NEGERI SEMBILAN",2016-01-21
"PISANG BERANGAN","F.A.Q","KILOGRAM","6.00",5.75,5.5," SEREMBAN"," NEGERI SEMBILAN",2016-01-21
"PISANG MONTEL (CAVENDISH)","F.A.Q","KILOGRAM","5.50",5.25,5," SEREMBAN"," NEGERI SEMBILAN",2016-01-21
"SALAD BULAT TANAH TINGGI","F.A.Q","KILOGRAM","7.00",6.5,6," SEREMBAN"," NEGERI SEMBILAN",2016-01-21
"SALAD TANAH RENDAH","F.A.Q","KILOGRAM","6.00",5.5,5," SEREMBAN"," NEGERI SEMBILAN",2016-01-21
"SANTAN","F.A.Q","KILOGRAM","7.50",7.5,7.5," SEREMBAN"," NEGERI SEMBILAN",2016-01-21
"SAWI HIJAU CERAH","F.A.Q","KILOGRAM","6.00",5.5,5," SEREMBAN"," NEGERI SEMBILAN",2016-01-21
"TELUR AYAM","A","BIJI",".37",0.37,0.37," SEREMBAN"," NEGERI SEMBILAN",2016-01-21
"TELUR AYAM","B","BIJI",".32",0.32,0.32," SEREMBAN"," NEGERI SEMBILAN",2016-01-21
"TELUR AYAM","C","BIJI",".31",0.31,0.31," SEREMBAN"," NEGERI SEMBILAN",2016-01-21
"TEMBIKAI NEW DRAGON","F.A.Q","KILOGRAM","3.00",2.9,2.8," SEREMBAN"," NEGERI SEMBILAN",2016-01-21
"TERUNG PEPARU PANJANG TANAH RENDAH","F.A.Q","KILOGRAM","6.00",5.75,5.5," SEREMBAN"," NEGERI SEMBILAN",2016-01-21
"TIMUN HIJAU CERAH","F.A.Q","KILOGRAM","4.00",3.75,3.5," SEREMBAN"," NEGERI SEMBILAN",2016-01-21
"TOMATO TANAH TINGGI","F.A.Q","KILOGRAM","4.00",3.75,3.5," SEREMBAN"," NEGERI SEMBILAN",2016-01-21
"UBI KENTANG","F.A.Q","KILOGRAM","4.00",4,4," SEREMBAN"," NEGERI SEMBILAN",2016-01-21
"AYAM KACUKAN BETINA","F.A.Q","KILOGRAM","6.30",6.3,6.3," KUANTAN"," PAHANG",2016-01-21
"AYAM PROSES (STANDARD)","F.A.Q","KILOGRAM","8.80",8.8,8.8," KUANTAN"," PAHANG",2016-01-21
"BAWANG MERAH KECIL (THAI)","F.A.Q","KILOGRAM","5.00",5,5," KUANTAN"," PAHANG",2016-01-21
"BAYAM HIJAU","F.A.Q","KILOGRAM","5.00",4.5,4," KUANTAN"," PAHANG",2016-01-21
"BELIMBING BESI (B10)","F.A.Q","KILOGRAM","6.00",6,6," KUANTAN"," PAHANG",2016-01-21
"BELIMBING BESI B17/MADU","F.A.Q","KILOGRAM","6.00",6,6," KUANTAN"," PAHANG",2016-01-21
"BETIK","F.A.Q","KILOGRAM","3.00",3,3," KUANTAN"," PAHANG",2016-01-21
"BETIK HONG KONG / BETIK SEKAKI","F.A.Q","KILOGRAM","2.50",2.5,2.5," KUANTAN"," PAHANG",2016-01-21
"BIRI-BIRI IMPORT BEKU","F.A.Q","KILOGRAM","24.00",24,24," KUANTAN"," PAHANG",2016-01-21
"BUNGA KANTAN","F.A.Q","TANGKAI","2.50",2.25,2," KUANTAN"," PAHANG",2016-01-21
"CILI HIJAU","F.A.Q","KILOGRAM","10.00",10,10," KUANTAN"," PAHANG",2016-01-21
"CILI MERAH KULAI","F.A.Q","KILOGRAM","14.00",13,12," KUANTAN"," PAHANG",2016-01-21
"DAGING IMPORT PEJAL (INDIA) - SILVER SIDE","F.A.Q","KILOGRAM","16.00",16,16," KUANTAN"," PAHANG",2016-01-21
"DAGING IMPORT PEJAL (INDIA) - TOP SIDE","F.A.Q","KILOGRAM","17.00",17,17," KUANTAN"," PAHANG",2016-01-21
"DAGING PEJAL","F.A.Q","KILOGRAM","29.00",29,29," KUANTAN"," PAHANG",2016-01-21
"DAUN BAWANG","F.A.Q","KILOGRAM","10.00",8.5,7," KUANTAN"," PAHANG",2016-01-21
"DAUN KOBIS/KOBIS PANJANG (TEMPATAN)","F.A.Q","KILOGRAM","5.00",4.5,4," KUANTAN"," PAHANG",2016-01-21
"DAUN SUP/SADRI CINA TEMPATAN TANAH TINGGI","F.A.Q","KILOGRAM","10.00",9,8," KUANTAN"," PAHANG",2016-01-21
"EPAL MERAH","SEDANG","BIJI","1.00",1,1," KUANTAN"," PAHANG",2016-01-21
"HALIA MUDA","F.A.Q","KILOGRAM","12.00",11,10," KUANTAN"," PAHANG",2016-01-21
"HALIA TUA","F.A.Q","KILOGRAM","13.00",11.5,10," KUANTAN"," PAHANG",2016-01-21
"KACANG BENDI","F.A.Q","KILOGRAM","7.00",6.5,6," KUANTAN"," PAHANG",2016-01-21
"KACANG BUNCIS","F.A.Q","KILOGRAM","10.00",9,8," KUANTAN"," PAHANG",2016-01-21
"KACANG PANJANG HIJAU","F.A.Q","KILOGRAM","7.00",6.5,6," KUANTAN"," PAHANG",2016-01-21
"KAILAN","F.A.Q","KILOGRAM","10.00",9,8," KUANTAN"," PAHANG",2016-01-21
"KAMBING (PEJAL)","F.A.Q","KILOGRAM","38.00",38,38," KUANTAN"," PAHANG",2016-01-21
"KANGKUNG/KANGKONG","F.A.Q","KILOGRAM","5.00",4,3," KUANTAN"," PAHANG",2016-01-21
"KELAPA DIKUPAS","SEDANG","BIJI","2.00",2,2," KUANTAN"," PAHANG",2016-01-21
"KELAPA PARUT","F.A.Q","KILOGRAM","5.00",5,5," KUANTAN"," PAHANG",2016-01-21
"KETOLA SEGI","F.A.Q","KILOGRAM","6.00",5.5,5," KUANTAN"," PAHANG",2016-01-21
"KOBIS BULAT (CHINA)","F.A.Q","KILOGRAM","5.00",4.25,3.5," KUANTAN"," PAHANG",2016-01-21
"KOBIS BULAT (INDONESIA)","F.A.Q","KILOGRAM","5.00",4.25,3.5," KUANTAN"," PAHANG",2016-01-21
"KOBIS BULAT (TANAH TINGGI)","F.A.Q","KILOGRAM","5.00",5,5," KUANTAN"," PAHANG",2016-01-21
"LOBAK MERAH (IMPORT)","F.A.Q","KILOGRAM","6.00",5,4," KUANTAN"," PAHANG",2016-01-21
"PERIA","F.A.Q","KILOGRAM","7.00",6.5,6," KUANTAN"," PAHANG",2016-01-21
"PISANG BERANGAN","F.A.Q","KILOGRAM","4.00",4,4," KUANTAN"," PAHANG",2016-01-21
"PISANG MONTEL (CAVENDISH)","F.A.Q","KILOGRAM","4.00",4,4," KUANTAN"," PAHANG",2016-01-21
"SALAD BULAT TANAH TINGGI","F.A.Q","KILOGRAM","10.00",9,8," KUANTAN"," PAHANG",2016-01-21
"SALAD TANAH RENDAH","F.A.Q","KILOGRAM","12.00",12,12," KUANTAN"," PAHANG",2016-01-21
"SANTAN","F.A.Q","KILOGRAM","6.00",6,6," KUANTAN"," PAHANG",2016-01-21
"SAWI HIJAU CERAH","F.A.Q","KILOGRAM","5.00",4.5,4," KUANTAN"," PAHANG",2016-01-21
"TELUR AYAM","A","BIJI",".34",0.34,0.34," KUANTAN"," PAHANG",2016-01-21
"TELUR AYAM","B","BIJI",".32",0.32,0.32," KUANTAN"," PAHANG",2016-01-21
"TELUR AYAM","C","BIJI",".31",0.31,0.31," KUANTAN"," PAHANG",2016-01-21
"TEMBIKAI NEW DRAGON","F.A.Q","KILOGRAM","2.60",2.55,2.5," KUANTAN"," PAHANG",2016-01-21
"TERUNG PEPARU PANJANG TANAH RENDAH","F.A.Q","KILOGRAM","8.00",7.5,7," KUANTAN"," PAHANG",2016-01-21
"TIMUN HIJAU CERAH","F.A.Q","KILOGRAM","3.50",3,2.5," KUANTAN"," PAHANG",2016-01-21
"TOMATO TANAH TINGGI","F.A.Q","KILOGRAM","6.00",5.25,4.5," KUANTAN"," PAHANG",2016-01-21
"UBI KENTANG","F.A.Q","KILOGRAM","4.00",3.75,3.5," KUANTAN"," PAHANG",2016-01-21
"AYAM PROSES (STANDARD)","F.A.Q","KILOGRAM","8.80",8.8,8.8," SEBERANG PERAI TENGAH"," PULAU PINANG",2016-01-21
"BAWANG MERAH KECIL (THAI)","F.A.Q","KILOGRAM","9.00",9,9," SEBERANG PERAI TENGAH"," PULAU PINANG",2016-01-21
"BAYAM HIJAU","F.A.Q","KILOGRAM","2.50",2.5,2.5," SEBERANG PERAI TENGAH"," PULAU PINANG",2016-01-21
"BETIK","F.A.Q","KILOGRAM","3.50",3.5,3.5," SEBERANG PERAI TENGAH"," PULAU PINANG",2016-01-21
"BIRI-BIRI IMPORT BEKU","F.A.Q","KILOGRAM","26.00",26,26," SEBERANG PERAI TENGAH"," PULAU PINANG",2016-01-21
"BUNGA KANTAN","F.A.Q","TANGKAI","1.00",1,1," SEBERANG PERAI TENGAH"," PULAU PINANG",2016-01-21
"CILI HIJAU","F.A.Q","KILOGRAM","7.00",7,7," SEBERANG PERAI TENGAH"," PULAU PINANG",2016-01-21
"CILI MERAH KULAI","F.A.Q","KILOGRAM","11.50",11.5,11.5," SEBERANG PERAI TENGAH"," PULAU PINANG",2016-01-21
"DAGING IMPORT PEJAL (INDIA) - SILVER SIDE","F.A.Q","KILOGRAM","15.00",15,15," SEBERANG PERAI TENGAH"," PULAU PINANG",2016-01-21
"DAGING IMPORT PEJAL (INDIA) - TOP SIDE","F.A.Q","KILOGRAM","16.00",16,16," SEBERANG PERAI TENGAH"," PULAU PINANG",2016-01-21
"DAGING PEJAL","F.A.Q","KILOGRAM","29.50",29.5,29.5," SEBERANG PERAI TENGAH"," PULAU PINANG",2016-01-21
"DAUN BAWANG","F.A.Q","KILOGRAM","4.00",4,4," SEBERANG PERAI TENGAH"," PULAU PINANG",2016-01-21
"DAUN KOBIS/KOBIS PANJANG (TEMPATAN)","F.A.Q","KILOGRAM","3.50",3.5,3.5," SEBERANG PERAI TENGAH"," PULAU PINANG",2016-01-21
"DAUN SUP/SADRI CINA TEMPATAN TANAH TINGGI","F.A.Q","KILOGRAM","5.50",5.5,5.5," SEBERANG PERAI TENGAH"," PULAU PINANG",2016-01-21
"EPAL MERAH","SEDANG","BIJI",".90",0.9,0.9," SEBERANG PERAI TENGAH"," PULAU PINANG",2016-01-21
"HALIA MUDA","F.A.Q","KILOGRAM","6.00",6,6," SEBERANG PERAI TENGAH"," PULAU PINANG",2016-01-21
"HALIA TUA (IMPORT)","F.A.Q","KILOGRAM","5.00",5,5," SEBERANG PERAI TENGAH"," PULAU PINANG",2016-01-21
"KACANG BENDI","F.A.Q","KILOGRAM","5.50",5.5,5.5," SEBERANG PERAI TENGAH"," PULAU PINANG",2016-01-21
"KACANG BUNCIS","F.A.Q","KILOGRAM","7.00",7,7," SEBERANG PERAI TENGAH"," PULAU PINANG",2016-01-21
"KACANG PANJANG HIJAU","F.A.Q","KILOGRAM","3.50",3.5,3.5," SEBERANG PERAI TENGAH"," PULAU PINANG",2016-01-21
"KAILAN","F.A.Q","KILOGRAM","6.00",6,6," SEBERANG PERAI TENGAH"," PULAU PINANG",2016-01-21
"KAMBING (PEJAL)","F.A.Q","KILOGRAM","38.00",38,38," SEBERANG PERAI TENGAH"," PULAU PINANG",2016-01-21
"KANGKUNG/KANGKONG","F.A.Q","KILOGRAM","2.50",2.5,2.5," SEBERANG PERAI TENGAH"," PULAU PINANG",2016-01-21
"KELAPA DIKUPAS","SEDANG","BIJI","1.60",1.6,1.6," SEBERANG PERAI TENGAH"," PULAU PINANG",2016-01-21
"KELAPA PARUT","F.A.Q","KILOGRAM","6.00",6,6," SEBERANG PERAI TENGAH"," PULAU PINANG",2016-01-21
"KETOLA SEGI","F.A.Q","KILOGRAM","3.50",3.5,3.5," SEBERANG PERAI TENGAH"," PULAU PINANG",2016-01-21
"KOBIS BULAT (CHINA)","F.A.Q","KILOGRAM","2.50",2.5,2.5," SEBERANG PERAI TENGAH"," PULAU PINANG",2016-01-21
"KOBIS BULAT (INDONESIA)","F.A.Q","KILOGRAM","2.50",2.5,2.5," SEBERANG PERAI TENGAH"," PULAU PINANG",2016-01-21
"KOBIS BULAT (TANAH TINGGI)","F.A.Q","KILOGRAM","3.00",3,3," SEBERANG PERAI TENGAH"," PULAU PINANG",2016-01-21
"LOBAK MERAH (IMPORT)","F.A.Q","KILOGRAM","3.50",3.5,3.5," SEBERANG PERAI TENGAH"," PULAU PINANG",2016-01-21
"PERIA","F.A.Q","KILOGRAM","4.00",4,4," SEBERANG PERAI TENGAH"," PULAU PINANG",2016-01-21
"PISANG BERANGAN","F.A.Q","KILOGRAM","4.00",4,4," SEBERANG PERAI TENGAH"," PULAU PINANG",2016-01-21
"SALAD BULAT TANAH TINGGI","F.A.Q","KILOGRAM","8.00",8,8," SEBERANG PERAI TENGAH"," PULAU PINANG",2016-01-21
"SALAD TANAH RENDAH","F.A.Q","KILOGRAM","9.00",9,9," SEBERANG PERAI TENGAH"," PULAU PINANG",2016-01-21
"SANTAN","F.A.Q","KILOGRAM","9.00",9,9," SEBERANG PERAI TENGAH"," PULAU PINANG",2016-01-21
"SAWI HIJAU CERAH","F.A.Q","KILOGRAM","3.00",3,3," SEBERANG PERAI TENGAH"," PULAU PINANG",2016-01-21
"TELUR AYAM","A","BIJI",".37",0.37,0.37," SEBERANG PERAI TENGAH"," PULAU PINANG",2016-01-21
"TELUR AYAM","B","BIJI",".36",0.36,0.36," SEBERANG PERAI TENGAH"," PULAU PINANG",2016-01-21
"TELUR AYAM","C","BIJI",".35",0.35,0.35," SEBERANG PERAI TENGAH"," PULAU PINANG",2016-01-21
"TEMBIKAI NEW DRAGON","F.A.Q","KILOGRAM","2.50",2.5,2.5," SEBERANG PERAI TENGAH"," PULAU PINANG",2016-01-21
"TERUNG PEPARU PANJANG TANAH RENDAH","F.A.Q","KILOGRAM","4.50",4.5,4.5," SEBERANG PERAI TENGAH"," PULAU PINANG",2016-01-21
"TIMUN HIJAU CERAH","F.A.Q","KILOGRAM","2.20",2.2,2.2," SEBERANG PERAI TENGAH"," PULAU PINANG",2016-01-21
"TOMATO TANAH TINGGI","F.A.Q","KILOGRAM","3.50",3.5,3.5," SEBERANG PERAI TENGAH"," PULAU PINANG",2016-01-21
"UBI KENTANG","F.A.Q","KILOGRAM","3.00",3,3," SEBERANG PERAI TENGAH"," PULAU PINANG",2016-01-21
"AYAM KACUKAN BETINA","F.A.Q","KILOGRAM","6.80",6.8,6.8," KINTA"," PERAK",2016-01-21
"AYAM PROSES (STANDARD)","F.A.Q","KILOGRAM","8.80",8.8,8.8," KINTA"," PERAK",2016-01-21
"BAWANG MERAH KECIL (THAI)","F.A.Q","KILOGRAM","12.00",12,12," KINTA"," PERAK",2016-01-21
"BAYAM HIJAU","F.A.Q","KILOGRAM","3.00",2.5,2," KINTA"," PERAK",2016-01-21
"BELIMBING BESI (B10)","F.A.Q","KILOGRAM","4.50",4,3.5," KINTA"," PERAK",2016-01-21
"BETIK","F.A.Q","KILOGRAM","3.00",3,3," KINTA"," PERAK",2016-01-21
"BIRI-BIRI IMPORT BEKU","F.A.Q","KILOGRAM","26.00",26,26," KINTA"," PERAK",2016-01-21
"BUNGA KANTAN","F.A.Q","TANGKAI","1.20",1,0.8," KINTA"," PERAK",2016-01-21
"CILI HIJAU","F.A.Q","KILOGRAM","9.00",8,7," KINTA"," PERAK",2016-01-21
"CILI MERAH KULAI","F.A.Q","KILOGRAM","12.00",10.5,9," KINTA"," PERAK",2016-01-21
"DAGING IMPORT PEJAL (INDIA) - TOP SIDE","F.A.Q","KILOGRAM","20.00",20,20," KINTA"," PERAK",2016-01-21
"DAGING PEJAL","F.A.Q","KILOGRAM","28.00",28,28," KINTA"," PERAK",2016-01-21
"DAUN BAWANG","F.A.Q","KILOGRAM","5.00",4.5,4," KINTA"," PERAK",2016-01-21
"DAUN KOBIS/KOBIS PANJANG (TEMPATAN)","F.A.Q","KILOGRAM","3.50",3.25,3," KINTA"," PERAK",2016-01-21
"DAUN SUP/SADRI CINA TEMPATAN TANAH TINGGI","F.A.Q","KILOGRAM","7.00",6,5," KINTA"," PERAK",2016-01-21
"EPAL MERAH","SEDANG","BIJI","1.00",1,1," KINTA"," PERAK",2016-01-21
"HALIA MUDA","F.A.Q","KILOGRAM","12.00",11,10," KINTA"," PERAK",2016-01-21
"HALIA TUA","F.A.Q","KILOGRAM","8.00",7.5,7," KINTA"," PERAK",2016-01-21
"KACANG BENDI","F.A.Q","KILOGRAM","6.00",5.5,5," KINTA"," PERAK",2016-01-21
"KACANG BUNCIS","F.A.Q","KILOGRAM","10.00",9,8," KINTA"," PERAK",2016-01-21
"KACANG PANJANG HIJAU","F.A.Q","KILOGRAM","4.00",3.75,3.5," KINTA"," PERAK",2016-01-21
"KAILAN","F.A.Q","KILOGRAM","8.00",7,6," KINTA"," PERAK",2016-01-21
"KAILAN (IMPORT)","F.A.Q","KILOGRAM","12.00",11,10," KINTA"," PERAK",2016-01-21
"KAMBING (PEJAL)","F.A.Q","KILOGRAM","33.00",33,33," KINTA"," PERAK",2016-01-21
"KANGKUNG/KANGKONG","F.A.Q","KILOGRAM","2.50",2.25,2," KINTA"," PERAK",2016-01-21
"KELAPA DIKUPAS","SEDANG","BIJI","2.00",1.9,1.8," KINTA"," PERAK",2016-01-21
"KELAPA PARUT","F.A.Q","KILOGRAM","7.00",6.5,6," KINTA"," PERAK",2016-01-21
"KETOLA SEGI","F.A.Q","KILOGRAM","4.50",3.75,3," KINTA"," PERAK",2016-01-21
"KOBIS BULAT (TANAH TINGGI)","F.A.Q","KILOGRAM","3.00",2.75,2.5," KINTA"," PERAK",2016-01-21
"LOBAK MERAH (IMPORT)","F.A.Q","KILOGRAM","3.50",3.25,3," KINTA"," PERAK",2016-01-21
"PERIA","F.A.Q","KILOGRAM","5.00",4.5,4," KINTA"," PERAK",2016-01-21
"PISANG BERANGAN","F.A.Q","KILOGRAM","4.50",4.25,4," KINTA"," PERAK",2016-01-21
"SALAD BULAT TANAH TINGGI","F.A.Q","KILOGRAM","5.00",4.5,4," KINTA"," PERAK",2016-01-21
"SANTAN","F.A.Q","KILOGRAM","7.00",6.5,6," KINTA"," PERAK",2016-01-21
"SAWI HIJAU CERAH","F.A.Q","KILOGRAM","3.00",2.5,2," KINTA"," PERAK",2016-01-21
"TELUR AYAM","B","BIJI",".33",0.33,0.32," KINTA"," PERAK",2016-01-21
"TELUR AYAM","C","BIJI",".34",0.34,0.33," KINTA"," PERAK",2016-01-21
"TEMBIKAI NEW DRAGON","F.A.Q","KILOGRAM","2.50",2.25,2," KINTA"," PERAK",2016-01-21
"TERUNG PEPARU PANJANG TANAH RENDAH","F.A.Q","KILOGRAM","5.50",4.75,4," KINTA"," PERAK",2016-01-21
"TIMUN HIJAU CERAH","F.A.Q","KILOGRAM","2.00",1.75,1.5," KINTA"," PERAK",2016-01-21
"TOMATO TANAH TINGGI","F.A.Q","KILOGRAM","5.00",4.25,3.5," KINTA"," PERAK",2016-01-21
"UBI KENTANG","F.A.Q","KILOGRAM","3.00",3,3," KINTA"," PERAK",2016-01-21
"AYAM PROSES (STANDARD)","F.A.Q","KILOGRAM","8.20",8.1,8," PERLIS"," PERLIS",2016-01-21
"AYAM PROSES (SUPER)","F.A.Q","KILOGRAM","10.00",9.75,9.5," PERLIS"," PERLIS",2016-01-21
"BAWANG MERAH KECIL (THAI)","F.A.Q","KILOGRAM","7.00",6.75,6.5," PERLIS"," PERLIS",2016-01-21
"BAYAM HIJAU","F.A.Q","KILOGRAM","5.00",4.75,4.5," PERLIS"," PERLIS",2016-01-21
"BELIMBING BESI (B10)","F.A.Q","KILOGRAM","5.00",5,5," PERLIS"," PERLIS",2016-01-21
"BETIK","F.A.Q","KILOGRAM","3.50",3.25,3," PERLIS"," PERLIS",2016-01-21
"BUNGA KANTAN","F.A.Q","TANGKAI","1.50",1.35,1.2," PERLIS"," PERLIS",2016-01-21
"CILI MERAH KULAI","F.A.Q","KILOGRAM","14.00",13,12," PERLIS"," PERLIS",2016-01-21
"DAGING IMPORT PEJAL (INDIA) - SILVER SIDE","F.A.Q","KILOGRAM","16.50",16.15,15.8," PERLIS"," PERLIS",2016-01-21
"DAGING IMPORT PEJAL (INDIA) - TOP SIDE","F.A.Q","KILOGRAM","17.00",16.75,16.5," PERLIS"," PERLIS",2016-01-21
"DAGING PEJAL","F.A.Q","KILOGRAM","30.00",29.75,29.5," PERLIS"," PERLIS",2016-01-21
"DAUN BAWANG","F.A.Q","KILOGRAM","10.00",9.25,8.5," PERLIS"," PERLIS",2016-01-21
"DAUN KOBIS/KOBIS PANJANG (TEMPATAN)","F.A.Q","KILOGRAM","5.00",4.75,4.5," PERLIS"," PERLIS",2016-01-21
"DAUN SUP/SADRI CINA TEMPATAN TANAH TINGGI","F.A.Q","KILOGRAM","10.00",9,8," PERLIS"," PERLIS",2016-01-21
"EPAL MERAH","SEDANG","BIJI","1.00",1,1," PERLIS"," PERLIS",2016-01-21
"HALIA TUA","F.A.Q","KILOGRAM","9.00",8.5,8," PERLIS"," PERLIS",2016-01-21
"KACANG BENDI","F.A.Q","KILOGRAM","8.00",7.5,7," PERLIS"," PERLIS",2016-01-21
"KACANG BUNCIS","F.A.Q","KILOGRAM","11.00",10.5,10," PERLIS"," PERLIS",2016-01-21
"KACANG PANJANG HIJAU","F.A.Q","KILOGRAM","5.50",5.25,5," PERLIS"," PERLIS",2016-01-21
"KAILAN","F.A.Q","KILOGRAM","6.00",5.5,5," PERLIS"," PERLIS",2016-01-21
"KANGKUNG/KANGKONG","F.A.Q","KILOGRAM","5.00",4.5,4," PERLIS"," PERLIS",2016-01-21
"KELAPA DIKUPAS","SEDANG","BIJI","2.00",1.9,1.8," PERLIS"," PERLIS",2016-01-21
"KELAPA PARUT","F.A.Q","KILOGRAM","6.00",6,6," PERLIS"," PERLIS",2016-01-21
"KETOLA SEGI","F.A.Q","KILOGRAM","5.00",4.5,4," PERLIS"," PERLIS",2016-01-21
"KOBIS BULAT (CHINA)","F.A.Q","KILOGRAM","5.00",5,5," PERLIS"," PERLIS",2016-01-21
"KOBIS BULAT (INDONESIA)","F.A.Q","KILOGRAM","3.60",3.4,3.2," PERLIS"," PERLIS",2016-01-21
"KOBIS BULAT (TANAH TINGGI)","F.A.Q","KILOGRAM","4.50",4.25,4," PERLIS"," PERLIS",2016-01-21
"LOBAK MERAH (IMPORT)","F.A.Q","KILOGRAM","5.00",4.5,4," PERLIS"," PERLIS",2016-01-21
"PERIA","F.A.Q","KILOGRAM","6.00",5.5,5," PERLIS"," PERLIS",2016-01-21
"PISANG BERANGAN","F.A.Q","KILOGRAM","5.00",4.75,4.5," PERLIS"," PERLIS",2016-01-21
"SALAD BULAT TANAH TINGGI","F.A.Q","KILOGRAM","10.00",9.5,9," PERLIS"," PERLIS",2016-01-21
"SALAD TANAH RENDAH","F.A.Q","KILOGRAM","12.00",11,10," PERLIS"," PERLIS",2016-01-21
"SANTAN","F.A.Q","KILOGRAM","9.00",9,9," PERLIS"," PERLIS",2016-01-21
"SAWI HIJAU CERAH","F.A.Q","KILOGRAM","4.50",4.25,4," PERLIS"," PERLIS",2016-01-21
"TELUR AYAM","A","BIJI",".34",0.34,0.34," PERLIS"," PERLIS",2016-01-21
"TELUR AYAM","B","BIJI",".33",0.33,0.33," PERLIS"," PERLIS",2016-01-21
"TELUR AYAM","C","BIJI",".32",0.32,0.32," PERLIS"," PERLIS",2016-01-21
"TEMBIKAI NEW DRAGON","F.A.Q","KILOGRAM","3.00",3,3," PERLIS"," PERLIS",2016-01-21
"TERUNG PEPARU PANJANG TANAH RENDAH","F.A.Q","KILOGRAM","5.00",4.75,4.5," PERLIS"," PERLIS",2016-01-21
"TIMUN HIJAU CERAH","F.A.Q","KILOGRAM","3.00",2.75,2.5," PERLIS"," PERLIS",2016-01-21
"TOMATO TANAH TINGGI","F.A.Q","KILOGRAM","5.00",4.75,4.5," PERLIS"," PERLIS",2016-01-21
"UBI KENTANG","F.A.Q","KILOGRAM","3.50",3.25,3," PERLIS"," PERLIS",2016-01-21
"AYAM KACUKAN BETINA","F.A.Q","KILOGRAM","7.90",7.9,7.9," KLANG"," SELANGOR",2016-01-21
"AYAM PROSES (STANDARD)","F.A.Q","KILOGRAM","8.50",8.5,8.5," KLANG"," SELANGOR",2016-01-21
"BAWANG MERAH KECIL (THAI)","F.A.Q","KILOGRAM","14.00",14,14," KLANG"," SELANGOR",2016-01-21
"BAYAM HIJAU","F.A.Q","KILOGRAM","2.50",2.5,2.5," KLANG"," SELANGOR",2016-01-21
"BELIMBING BESI (B10)","F.A.Q","KILOGRAM","5.00",5,5," KLANG"," SELANGOR",2016-01-21
"BETIK HONG KONG / BETIK SEKAKI","F.A.Q","KILOGRAM","2.50",2.5,2.5," KLANG"," SELANGOR",2016-01-21
"BIRI-BIRI IMPORT BEKU","F.A.Q","KILOGRAM","26.00",26,26," KLANG"," SELANGOR",2016-01-21
"BUNGA KANTAN","F.A.Q","TANGKAI","1.50",1.5,1.5," KLANG"," SELANGOR",2016-01-21
"CILI HIJAU","F.A.Q","KILOGRAM","9.00",9,9," KLANG"," SELANGOR",2016-01-21
"CILI MERAH (IMPORT)","F.A.Q","KILOGRAM","8.00",8,8," KLANG"," SELANGOR",2016-01-21
"CILI MERAH KULAI","F.A.Q","KILOGRAM","9.00",9,9," KLANG"," SELANGOR",2016-01-21
"DAGING IMPORT PEJAL (INDIA) - SILVER SIDE","F.A.Q","KILOGRAM","16.00",16,16," KLANG"," SELANGOR",2016-01-21
"DAGING IMPORT PEJAL (INDIA) - TOP SIDE","F.A.Q","KILOGRAM","17.00",17,17," KLANG"," SELANGOR",2016-01-21
"DAGING PEJAL","F.A.Q","KILOGRAM","30.00",30,30," KLANG"," SELANGOR",2016-01-21
"DAUN BAWANG","F.A.Q","KILOGRAM","5.00",5,5," KLANG"," SELANGOR",2016-01-21
"DAUN KOBIS/KOBIS PANJANG (TEMPATAN)","F.A.Q","KILOGRAM","4.00",3.5,3," KLANG"," SELANGOR",2016-01-21
"DAUN SUP/SADRI CINA TEMPATAN TANAH TINGGI","F.A.Q","KILOGRAM","7.00",7,7," KLANG"," SELANGOR",2016-01-21
"EPAL MERAH","SEDANG","BIJI",".80",0.8,0.8," KLANG"," SELANGOR",2016-01-21
"HALIA MUDA","F.A.Q","KILOGRAM","8.00",8,8," KLANG"," SELANGOR",2016-01-21
"HALIA TUA (IMPORT)","F.A.Q","KILOGRAM","6.00",6,6," KLANG"," SELANGOR",2016-01-21
"KACANG BENDI","F.A.Q","KILOGRAM","6.00",6,6," KLANG"," SELANGOR",2016-01-21
"KACANG BUNCIS","F.A.Q","KILOGRAM","7.00",7,7," KLANG"," SELANGOR",2016-01-21
"KACANG PANJANG HIJAU","F.A.Q","KILOGRAM","6.00",6,6," KLANG"," SELANGOR",2016-01-21
"KAILAN","F.A.Q","KILOGRAM","7.00",7,7," KLANG"," SELANGOR",2016-01-21
"KAMBING (PEJAL)","F.A.Q","KILOGRAM","36.00",36,36," KLANG"," SELANGOR",2016-01-21
"KANGKUNG/KANGKONG","F.A.Q","KILOGRAM","2.00",2,2," KLANG"," SELANGOR",2016-01-21
"KELAPA DIKUPAS","SEDANG","BIJI","2.00",2,2," KLANG"," SELANGOR",2016-01-21
"KELAPA PARUT","F.A.Q","KILOGRAM","6.00",6,6," KLANG"," SELANGOR",2016-01-21
"KETOLA SEGI","F.A.Q","KILOGRAM","4.00",4,4," KLANG"," SELANGOR",2016-01-21
"KOBIS BULAT (CHINA)","F.A.Q","KILOGRAM","2.50",2.5,2.5," KLANG"," SELANGOR",2016-01-21
"KOBIS BULAT (TANAH TINGGI)","F.A.Q","KILOGRAM","3.50",3.5,3.5," KLANG"," SELANGOR",2016-01-21
"LOBAK MERAH (IMPORT)","F.A.Q","KILOGRAM","3.50",3.5,3.5," KLANG"," SELANGOR",2016-01-21
"LOBAK MERAH (TEMPATAN)","F.A.Q","KILOGRAM","4.00",4,4," KLANG"," SELANGOR",2016-01-21
"PERIA","F.A.Q","KILOGRAM","4.00",4,4," KLANG"," SELANGOR",2016-01-21
"PISANG BERANGAN","F.A.Q","KILOGRAM","4.00",3.75,3.5," KLANG"," SELANGOR",2016-01-21
"PISANG MONTEL (CAVENDISH)","F.A.Q","KILOGRAM","4.00",4,4," KLANG"," SELANGOR",2016-01-21
"SALAD BULAT TANAH TINGGI","F.A.Q","KILOGRAM","5.00",5,5," KLANG"," SELANGOR",2016-01-21
"SALAD TANAH RENDAH","F.A.Q","KILOGRAM","10.00",10,10," KLANG"," SELANGOR",2016-01-21
"SANTAN","F.A.Q","KILOGRAM","6.00",6,6," KLANG"," SELANGOR",2016-01-21
"SAWI HIJAU CERAH","F.A.Q","KILOGRAM","2.50",2.5,2.5," KLANG"," SELANGOR",2016-01-21
"TELUR AYAM","A","BIJI",".38",0.38,0.38," KLANG"," SELANGOR",2016-01-21
"TELUR AYAM","B","BIJI",".37",0.37,0.37," KLANG"," SELANGOR",2016-01-21
"TELUR AYAM","C","BIJI",".36",0.36,0.36," KLANG"," SELANGOR",2016-01-21
"TEMBIKAI NEW DRAGON","F.A.Q","KILOGRAM","2.50",2.5,2.5," KLANG"," SELANGOR",2016-01-21
"TERUNG PEPARU PANJANG TANAH RENDAH","F.A.Q","KILOGRAM","5.00",5,5," KLANG"," SELANGOR",2016-01-21
"TIMUN HIJAU CERAH","F.A.Q","KILOGRAM","2.00",2,2," KLANG"," SELANGOR",2016-01-21
"TOMATO TANAH TINGGI","F.A.Q","KILOGRAM","3.50",3.5,3.5," KLANG"," SELANGOR",2016-01-21
"UBI KENTANG","F.A.Q","KILOGRAM","3.00",3,3," KLANG"," SELANGOR",2016-01-21
"AYAM PROSES (STANDARD)","F.A.Q","KILOGRAM","8.50",8.5,8.5," PETALING"," SELANGOR",2016-01-21
"AYAM PROSES (SUPER)","F.A.Q","KILOGRAM","9.00",9,9," PETALING"," SELANGOR",2016-01-21
"BAWANG MERAH KECIL (THAI)","F.A.Q","KILOGRAM","16.00",15.5,15," PETALING"," SELANGOR",2016-01-21
"BAYAM HIJAU","F.A.Q","KILOGRAM","2.50",2.5,2.5," PETALING"," SELANGOR",2016-01-21
"BELIMBING BESI (B10)","F.A.Q","KILOGRAM","5.00",5,5," PETALING"," SELANGOR",2016-01-21
"BETIK HONG KONG / BETIK SEKAKI","F.A.Q","KILOGRAM","3.80",3.65,3.5," PETALING"," SELANGOR",2016-01-21
"BIRI-BIRI IMPORT BEKU","F.A.Q","KILOGRAM","26.00",26,26," PETALING"," SELANGOR",2016-01-21
"BUNGA KANTAN","F.A.Q","TANGKAI","2.00",1.75,1.5," PETALING"," SELANGOR",2016-01-21
"CILI HIJAU","F.A.Q","KILOGRAM","8.00",8,8," PETALING"," SELANGOR",2016-01-21
"CILI MERAH KULAI","F.A.Q","KILOGRAM","9.00",8.5,8," PETALING"," SELANGOR",2016-01-21
"DAGING IMPORT PEJAL (INDIA) - SILVER SIDE","F.A.Q","KILOGRAM","17.00",17,17," PETALING"," SELANGOR",2016-01-21
"DAGING IMPORT PEJAL (INDIA) - TOP SIDE","F.A.Q","KILOGRAM","19.00",18.5,18," PETALING"," SELANGOR",2016-01-21
"DAGING PEJAL","F.A.Q","KILOGRAM","30.00",30,30," PETALING"," SELANGOR",2016-01-21
"DAUN BAWANG","F.A.Q","KILOGRAM","6.00",5.5,5," PETALING"," SELANGOR",2016-01-21
"DAUN KOBIS/KOBIS PANJANG (TEMPATAN)","F.A.Q","KILOGRAM","3.60",3.55,3.5," PETALING"," SELANGOR",2016-01-21
"DAUN SUP/SADRI CINA TEMPATAN TANAH TINGGI","F.A.Q","KILOGRAM","9.00",8.5,8," PETALING"," SELANGOR",2016-01-21
"EPAL MERAH","SEDANG","BIJI","1.00",1,1," PETALING"," SELANGOR",2016-01-21
"HALIA MUDA","F.A.Q","KILOGRAM","8.00",8,8," PETALING"," SELANGOR",2016-01-21
"HALIA TUA","F.A.Q","KILOGRAM","7.00",6.75,6.5," PETALING"," SELANGOR",2016-01-21
"KACANG BENDI","F.A.Q","KILOGRAM","7.00",6.75,6.5," PETALING"," SELANGOR",2016-01-21
"KACANG BUNCIS","F.A.Q","KILOGRAM","9.00",8.5,8," PETALING"," SELANGOR",2016-01-21
"KACANG PANJANG HIJAU","F.A.Q","KILOGRAM","7.00",7,7," PETALING"," SELANGOR",2016-01-21
"KAILAN","F.A.Q","KILOGRAM","7.00",7,7," PETALING"," SELANGOR",2016-01-21
"KAMBING (PEJAL)","F.A.Q","KILOGRAM","38.00",38,38," PETALING"," SELANGOR",2016-01-21
"KANGKUNG/KANGKONG","F.A.Q","KILOGRAM","2.50",2.5,2.5," PETALING"," SELANGOR",2016-01-21
"KELAPA DIKUPAS","SEDANG","BIJI","2.00",2,2," PETALING"," SELANGOR",2016-01-21
"KELAPA PARUT","F.A.Q","KILOGRAM","6.00",6,6," PETALING"," SELANGOR",2016-01-21
"KETOLA SEGI","F.A.Q","KILOGRAM","4.50",4.5,4.5," PETALING"," SELANGOR",2016-01-21
"KOBIS BULAT (CHINA)","F.A.Q","KILOGRAM","2.60",2.55,2.5," PETALING"," SELANGOR",2016-01-21
"KOBIS BULAT (TANAH TINGGI)","F.A.Q","KILOGRAM","3.80",3.65,3.5," PETALING"," SELANGOR",2016-01-21
"LOBAK MERAH (IMPORT)","F.A.Q","KILOGRAM","4.50",4,3.5," PETALING"," SELANGOR",2016-01-21
"PERIA","F.A.Q","KILOGRAM","5.50",5.25,5," PETALING"," SELANGOR",2016-01-21
"PISANG BERANGAN","F.A.Q","KILOGRAM","4.50",4.5,4.5," PETALING"," SELANGOR",2016-01-21
"PISANG MONTEL (CAVENDISH)","F.A.Q","KILOGRAM","5.00",5,5," PETALING"," SELANGOR",2016-01-21
"SALAD BULAT TANAH TINGGI","F.A.Q","KILOGRAM","6.00",5.5,5," PETALING"," SELANGOR",2016-01-21
"SALAD TANAH RENDAH","F.A.Q","KILOGRAM","12.00",11.5,11," PETALING"," SELANGOR",2016-01-21
"SANTAN","F.A.Q","KILOGRAM","7.00",7,7," PETALING"," SELANGOR",2016-01-21
"SAWI HIJAU CERAH","F.A.Q","KILOGRAM","3.00",2.75,2.5," PETALING"," SELANGOR",2016-01-21
"TELUR AYAM","A","BIJI",".38",0.38,0.38," PETALING"," SELANGOR",2016-01-21
"TELUR AYAM","B","BIJI",".37",0.37,0.37," PETALING"," SELANGOR",2016-01-21
"TELUR AYAM","C","BIJI",".35",0.35,0.35," PETALING"," SELANGOR",2016-01-21
"TEMBIKAI NEW DRAGON","F.A.Q","KILOGRAM","3.20",3.1,3," PETALING"," SELANGOR",2016-01-21
"TERUNG PEPARU PANJANG TANAH RENDAH","F.A.Q","KILOGRAM","5.00",4.75,4.5," PETALING"," SELANGOR",2016-01-21
"TIMUN HIJAU CERAH","F.A.Q","KILOGRAM","2.50",2.4,2.3," PETALING"," SELANGOR",2016-01-21
"TOMATO TANAH TINGGI","F.A.Q","KILOGRAM","4.00",3.75,3.5," PETALING"," SELANGOR",2016-01-21
"UBI KENTANG","F.A.Q","KILOGRAM","3.80",3.65,3.5," PETALING"," SELANGOR",2016-01-21
"AYAM PROSES (STANDARD)","F.A.Q","KILOGRAM","8.50",8.25,8," KUALA TERENGGANU"," TERENGGANU",2016-01-21
"AYAM PROSES (SUPER)","F.A.Q","KILOGRAM","9.00",8.75,8.5," KUALA TERENGGANU"," TERENGGANU",2016-01-21
"BAYAM HIJAU","F.A.Q","KILOGRAM","4.00",3.5,3," KUALA TERENGGANU"," TERENGGANU",2016-01-21
"BETIK","F.A.Q","KILOGRAM","4.00",3.75,3.5," KUALA TERENGGANU"," TERENGGANU",2016-01-21
"BIRI-BIRI IMPORT BEKU","F.A.Q","KILOGRAM","20.00",19,18," KUALA TERENGGANU"," TERENGGANU",2016-01-21
"BUNGA KANTAN","F.A.Q","TANGKAI","1.50",1.25,1," KUALA TERENGGANU"," TERENGGANU",2016-01-21
"CILI HIJAU","F.A.Q","KILOGRAM","8.00",7.5,7," KUALA TERENGGANU"," TERENGGANU",2016-01-21
"CILI MERAH KULAI","F.A.Q","KILOGRAM","9.00",8.5,8," KUALA TERENGGANU"," TERENGGANU",2016-01-21
"DAGING IMPORT PEJAL (INDIA) - SILVER SIDE","F.A.Q","KILOGRAM","16.00",15.5,15," KUALA TERENGGANU"," TERENGGANU",2016-01-21
"DAGING IMPORT PEJAL (INDIA) - TOP SIDE","F.A.Q","KILOGRAM","17.00",16.5,16," KUALA TERENGGANU"," TERENGGANU",2016-01-21
"DAGING PEJAL","F.A.Q","KILOGRAM","28.00",28,28," KUALA TERENGGANU"," TERENGGANU",2016-01-21
"DAUN BAWANG","F.A.Q","KILOGRAM","7.00",6.5,6," KUALA TERENGGANU"," TERENGGANU",2016-01-21
"DAUN KOBIS/KOBIS PANJANG (TEMPATAN)","F.A.Q","KILOGRAM","4.50",4.25,4," KUALA TERENGGANU"," TERENGGANU",2016-01-21
"DAUN SUP/SADRI CINA TEMPATAN TANAH TINGGI","F.A.Q","KILOGRAM","8.00",7.5,7," KUALA TERENGGANU"," TERENGGANU",2016-01-21
"EPAL MERAH","SEDANG","BIJI","1.30",1.15,1," KUALA TERENGGANU"," TERENGGANU",2016-01-21
"HALIA MUDA","F.A.Q","KILOGRAM","10.00",9,8," KUALA TERENGGANU"," TERENGGANU",2016-01-21
"HALIA TUA","F.A.Q","KILOGRAM","7.00",6.5,6," KUALA TERENGGANU"," TERENGGANU",2016-01-21
"KACANG BENDI","F.A.Q","KILOGRAM","7.00",6.5,6," KUALA TERENGGANU"," TERENGGANU",2016-01-21
"KACANG BUNCIS","F.A.Q","KILOGRAM","9.00",8.5,8," KUALA TERENGGANU"," TERENGGANU",2016-01-21
"KACANG PANJANG HIJAU","F.A.Q","KILOGRAM","4.00",3.5,3," KUALA TERENGGANU"," TERENGGANU",2016-01-21
"KAILAN","F.A.Q","KILOGRAM","7.00",6.5,6," KUALA TERENGGANU"," TERENGGANU",2016-01-21
"KAMBING (PEJAL)","F.A.Q","KILOGRAM","36.00",35.5,35," KUALA TERENGGANU"," TERENGGANU",2016-01-21
"KANGKUNG/KANGKONG","F.A.Q","KILOGRAM","2.00",2,2," KUALA TERENGGANU"," TERENGGANU",2016-01-21
"KELAPA DIKUPAS","SEDANG","BIJI","2.30",2.15,2," KUALA TERENGGANU"," TERENGGANU",2016-01-21
"KELAPA PARUT","F.A.Q","KILOGRAM","6.00",6,6," KUALA TERENGGANU"," TERENGGANU",2016-01-21
"KETOLA SEGI","F.A.Q","KILOGRAM","4.00",3.5,3," KUALA TERENGGANU"," TERENGGANU",2016-01-21
"KOBIS BULAT (CHINA)","F.A.Q","KILOGRAM","3.50",3.25,3," KUALA TERENGGANU"," TERENGGANU",2016-01-21
"KOBIS BULAT (TANAH TINGGI)","F.A.Q","KILOGRAM","4.00",3.75,3.5," KUALA TERENGGANU"," TERENGGANU",2016-01-21
"LOBAK MERAH (IMPORT)","F.A.Q","KILOGRAM","4.00",3.75,3.5," KUALA TERENGGANU"," TERENGGANU",2016-01-21
"PERIA","F.A.Q","KILOGRAM","7.00",6.5,6," KUALA TERENGGANU"," TERENGGANU",2016-01-21
"PISANG BERANGAN","F.A.Q","KILOGRAM","6.00",5.5,5," KUALA TERENGGANU"," TERENGGANU",2016-01-21
"SALAD BULAT TANAH TINGGI","F.A.Q","KILOGRAM","5.00",5,5," KUALA TERENGGANU"," TERENGGANU",2016-01-21
"SALAD TANAH RENDAH","F.A.Q","KILOGRAM","9.00",8.5,8," KUALA TERENGGANU"," TERENGGANU",2016-01-21
"SANTAN","F.A.Q","KILOGRAM","9.00",8.75,8.5," KUALA TERENGGANU"," TERENGGANU",2016-01-21
"SAWI HIJAU CERAH","F.A.Q","KILOGRAM","4.00",3.75,3.5," KUALA TERENGGANU"," TERENGGANU",2016-01-21
"TELUR AYAM","A","BIJI",".38",0.38,0.37," KUALA TERENGGANU"," TERENGGANU",2016-01-21
"TELUR AYAM","B","BIJI",".37",0.37,0.36," KUALA TERENGGANU"," TERENGGANU",2016-01-21
"TELUR AYAM","C","BIJI",".36",0.36,0.35," KUALA TERENGGANU"," TERENGGANU",2016-01-21
"TERUNG PEPARU PANJANG TANAH RENDAH","F.A.Q","KILOGRAM","4.50",4.25,4," KUALA TERENGGANU"," TERENGGANU",2016-01-21
"TIMUN HIJAU CERAH","F.A.Q","KILOGRAM","2.50",2.25,2," KUALA TERENGGANU"," TERENGGANU",2016-01-21
"TOMATO TANAH TINGGI","F.A.Q","KILOGRAM","4.00",3.75,3.5," KUALA TERENGGANU"," TERENGGANU",2016-01-21
"UBI KENTANG","F.A.Q","KILOGRAM","3.50",3.25,3," KUALA TERENGGANU"," TERENGGANU",2016-01-21
"AYAM PROSES (SUPER)","F.A.Q","KILOGRAM","9.80",9.3,8.8," KOTA KINABALU"," SABAH",2016-01-21
"BAYAM HIJAU","F.A.Q","KILOGRAM","5.00",4.7,4.4," KOTA KINABALU"," SABAH",2016-01-21
"BELIMBING BESI (B10)","F.A.Q","KILOGRAM","4.80",4.4,4," KOTA KINABALU"," SABAH",2016-01-21
"BELIMBING BESI B17/MADU","F.A.Q","KILOGRAM","5.00",5,5," KOTA KINABALU"," SABAH",2016-01-21
"BETIK","F.A.Q","KILOGRAM","3.00",2.5,2," KOTA KINABALU"," SABAH",2016-01-21
"BETIK HONG KONG / BETIK SEKAKI","F.A.Q","KILOGRAM","3.00",3,3," KOTA KINABALU"," SABAH",2016-01-21
"BUNGA KANTAN","F.A.Q","TANGKAI","1.40",1.2,1," KOTA KINABALU"," SABAH",2016-01-21
"CILI HIJAU","F.A.Q","KILOGRAM","10.00",9.5,9," KOTA KINABALU"," SABAH",2016-01-21
"CILI MERAH KULAI","F.A.Q","KILOGRAM","15.00",14,13," KOTA KINABALU"," SABAH",2016-01-21
"DAGING PEJAL","F.A.Q","KILOGRAM","23.00",23,23," KOTA KINABALU"," SABAH",2016-01-21
"DAUN BAWANG","F.A.Q","KILOGRAM","12.00",11,10," KOTA KINABALU"," SABAH",2016-01-21
"DAUN KOBIS/KOBIS PANJANG (TEMPATAN)","F.A.Q","KILOGRAM","4.20",4.1,4," KOTA KINABALU"," SABAH",2016-01-21
"DAUN SUP/SADRI CINA TEMPATAN TANAH TINGGI","F.A.Q","KILOGRAM","12.00",11,10," KOTA KINABALU"," SABAH",2016-01-21
"EPAL MERAH","SEDANG","BIJI","1.20",1.1,1," KOTA KINABALU"," SABAH",2016-01-21
"HALIA MUDA","F.A.Q","KILOGRAM","12.00",11.5,11," KOTA KINABALU"," SABAH",2016-01-21
"HALIA TUA","F.A.Q","KILOGRAM","10.00",9.5,9," KOTA KINABALU"," SABAH",2016-01-21
"HALIA TUA (IMPORT)","F.A.Q","KILOGRAM","9.00",8.5,8," KOTA KINABALU"," SABAH",2016-01-21
"KACANG BENDI","F.A.Q","KILOGRAM","6.00",5.5,5," KOTA KINABALU"," SABAH",2016-01-21
"KACANG BUNCIS","F.A.Q","KILOGRAM","6.00",5.75,5.5," KOTA KINABALU"," SABAH",2016-01-21
"KACANG PANJANG HIJAU","F.A.Q","KILOGRAM","5.00",5,5," KOTA KINABALU"," SABAH",2016-01-21
"KAILAN","F.A.Q","KILOGRAM","6.00",5.75,5.5," KOTA KINABALU"," SABAH",2016-01-21
"KAMBING (PEJAL)","F.A.Q","KILOGRAM","40.00",39.5,39," KOTA KINABALU"," SABAH",2016-01-21
"KANGKUNG/KANGKONG","F.A.Q","KILOGRAM","5.00",4.6,4.2," KOTA KINABALU"," SABAH",2016-01-21
"KELAPA DIKUPAS","SEDANG","BIJI","1.50",1.5,1.5," KOTA KINABALU"," SABAH",2016-01-21
"KELAPA PARUT","F.A.Q","KILOGRAM","4.00",3.75,3.5," KOTA KINABALU"," SABAH",2016-01-21
"KETOLA SEGI","F.A.Q","KILOGRAM","5.00",4.5,4," KOTA KINABALU"," SABAH",2016-01-21
"KOBIS BULAT (TANAH TINGGI)","F.A.Q","KILOGRAM","4.00",3.75,3.5," KOTA KINABALU"," SABAH",2016-01-21
"LOBAK MERAH (IMPORT)","F.A.Q","KILOGRAM","6.00",5.5,5," KOTA KINABALU"," SABAH",2016-01-21
"PERIA","F.A.Q","KILOGRAM","5.00",4.9,4.8," KOTA KINABALU"," SABAH",2016-01-21
"PISANG BERANGAN","F.A.Q","KILOGRAM","3.50",3.25,3," KOTA KINABALU"," SABAH",2016-01-21
"PISANG MONTEL (CAVENDISH)","F.A.Q","KILOGRAM","4.50",4.25,4," KOTA KINABALU"," SABAH",2016-01-21
"SALAD BULAT TANAH TINGGI","F.A.Q","KILOGRAM","7.50",7.25,7," KOTA KINABALU"," SABAH",2016-01-21
"SALAD TANAH RENDAH","F.A.Q","KILOGRAM","6.00",5.5,5," KOTA KINABALU"," SABAH",2016-01-21
"SANTAN","F.A.Q","KILOGRAM","7.00",6.5,6," KOTA KINABALU"," SABAH",2016-01-21
"SAWI HIJAU CERAH","F.A.Q","KILOGRAM","5.00",4.75,4.5," KOTA KINABALU"," SABAH",2016-01-21
"TELUR AYAM","A","BIJI",".40",0.4,0.39," KOTA KINABALU"," SABAH",2016-01-21
"TELUR AYAM","B","BIJI",".39",0.39,0.38," KOTA KINABALU"," SABAH",2016-01-21
"TELUR AYAM","C","BIJI",".38",0.38,0.37," KOTA KINABALU"," SABAH",2016-01-21
"TEMBIKAI NEW DRAGON","F.A.Q","KILOGRAM","2.00",2,2," KOTA KINABALU"," SABAH",2016-01-21
"TERUNG PEPARU PANJANG TANAH RENDAH","F.A.Q","KILOGRAM","5.00",4.75,4.5," KOTA KINABALU"," SABAH",2016-01-21
"TIMUN HIJAU CERAH","F.A.Q","KILOGRAM","3.00",2.6,2.2," KOTA KINABALU"," SABAH",2016-01-21
"TOMATO TANAH TINGGI","F.A.Q","KILOGRAM","5.00",4.75,4.5," KOTA KINABALU"," SABAH",2016-01-21
"UBI KENTANG","F.A.Q","KILOGRAM","4.00",3.75,3.5," KOTA KINABALU"," SABAH",2016-01-21
"AYAM KACUKAN BETINA","F.A.Q","KILOGRAM","8.00",7.5,7," KUCHING"," SARAWAK",2016-01-21
"AYAM PROSES (SUPER)","F.A.Q","KILOGRAM","9.50",9.5,9.5," KUCHING"," SARAWAK",2016-01-21
"BAYAM HIJAU","F.A.Q","KILOGRAM","6.00",5.5,5," KUCHING"," SARAWAK",2016-01-21
"BELIMBING BESI (B10)","F.A.Q","KILOGRAM","5.00",4.5,4," KUCHING"," SARAWAK",2016-01-21
"BETIK HONG KONG / BETIK SEKAKI","F.A.Q","KILOGRAM","3.50",2.5,1.5," KUCHING"," SARAWAK",2016-01-21
"BIRI-BIRI IMPORT BEKU","F.A.Q","KILOGRAM","21.00",19.5,18," KUCHING"," SARAWAK",2016-01-21
"BUNGA KANTAN","F.A.Q","TANGKAI","1.00",0.95,0.9," KUCHING"," SARAWAK",2016-01-21
"DAGING PEJAL","F.A.Q","KILOGRAM","35.00",35,35," KUCHING"," SARAWAK",2016-01-21
"DAUN BAWANG","F.A.Q","KILOGRAM","10.00",9,8," KUCHING"," SARAWAK",2016-01-21
"DAUN SUP/SADRI CINA TEMPATAN TANAH TINGGI","F.A.Q","KILOGRAM","22.00",20,18," KUCHING"," SARAWAK",2016-01-21
"EPAL MERAH","SEDANG","BIJI","1.80",1.7,1.6," KUCHING"," SARAWAK",2016-01-21
"HALIA MUDA","F.A.Q","KILOGRAM","14.00",13,12," KUCHING"," SARAWAK",2016-01-21
"HALIA TUA (IMPORT)","F.A.Q","KILOGRAM","8.00",7.5,7," KUCHING"," SARAWAK",2016-01-21
"KACANG BENDI","F.A.Q","KILOGRAM","8.00",7.5,7," KUCHING"," SARAWAK",2016-01-21
"KACANG BUNCIS","F.A.Q","KILOGRAM","8.00",7.5,7," KUCHING"," SARAWAK",2016-01-21
"KAILAN","F.A.Q","KILOGRAM","11.00",10.5,10," KUCHING"," SARAWAK",2016-01-21
"KAMBING (PEJAL)","F.A.Q","KILOGRAM","35.00",35,35," KUCHING"," SARAWAK",2016-01-21
"KANGKUNG/KANGKONG","F.A.Q","KILOGRAM","6.00",5.5,5," KUCHING"," SARAWAK",2016-01-21
"KELAPA DIKUPAS","SEDANG","BIJI","1.50",1.4,1.3," KUCHING"," SARAWAK",2016-01-21
"KELAPA PARUT","F.A.Q","KILOGRAM","4.00",4,4," KUCHING"," SARAWAK",2016-01-21
"KETOLA SEGI","F.A.Q","KILOGRAM","5.50",5,4.5," KUCHING"," SARAWAK",2016-01-21
"KOBIS BULAT (CHINA)","F.A.Q","KILOGRAM","3.50",3.25,3," KUCHING"," SARAWAK",2016-01-21
"KOBIS BULAT (TANAH TINGGI)","F.A.Q","KILOGRAM","3.00",2.8,2.6," KUCHING"," SARAWAK",2016-01-21
"LOBAK MERAH (IMPORT)","F.A.Q","KILOGRAM","4.50",4.25,4," KUCHING"," SARAWAK",2016-01-21
"PERIA","F.A.Q","KILOGRAM","6.50",6,5.5," KUCHING"," SARAWAK",2016-01-21
"PISANG MONTEL (CAVENDISH)","F.A.Q","KILOGRAM","5.00",4.5,4," KUCHING"," SARAWAK",2016-01-21
"SALAD BULAT TANAH TINGGI","F.A.Q","KILOGRAM","7.00",6.75,6.5," KUCHING"," SARAWAK",2016-01-21
"SALAD TANAH RENDAH","F.A.Q","KILOGRAM","8.00",7.5,7," KUCHING"," SARAWAK",2016-01-21
"SANTAN","F.A.Q","KILOGRAM","6.00",6,6," KUCHING"," SARAWAK",2016-01-21
"SAWI HIJAU CERAH","F.A.Q","KILOGRAM","8.50",7.75,7," KUCHING"," SARAWAK",2016-01-21
"TELUR AYAM","A","BIJI",".39",0.38,0.37," KUCHING"," SARAWAK",2016-01-21
"TELUR AYAM","B","BIJI",".38",0.37,0.36," KUCHING"," SARAWAK",2016-01-21
"TELUR AYAM","C","BIJI",".37",0.36,0.35," KUCHING"," SARAWAK",2016-01-21
"TEMBIKAI NEW DRAGON","F.A.Q","KILOGRAM","4.00",3.5,3," KUCHING"," SARAWAK",2016-01-21
"TERUNG PEPARU PANJANG TANAH RENDAH","F.A.Q","KILOGRAM","7.00",6.5,6," KUCHING"," SARAWAK",2016-01-21
"TIMUN HIJAU CERAH","F.A.Q","KILOGRAM","3.00",2.75,2.5," KUCHING"," SARAWAK",2016-01-21
"TOMATO TANAH TINGGI","F.A.Q","KILOGRAM","6.00",6,6," KUCHING"," SARAWAK",2016-01-21
"UBI KENTANG","F.A.Q","KILOGRAM","3.40",3.2,3," KUCHING"," SARAWAK",2016-01-21
"AYAM KACUKAN BETINA","F.A.Q","KILOGRAM","6.70",6.7,6.7," SIBU"," SARAWAK",2016-01-21
"AYAM PROSES (STANDARD)","F.A.Q","KILOGRAM","9.50",9.5,9.5," SIBU"," SARAWAK",2016-01-21
"AYAM PROSES (SUPER)","F.A.Q","KILOGRAM","10.50",10.5,10.5," SIBU"," SARAWAK",2016-01-21
"BAYAM HIJAU","F.A.Q","KILOGRAM","6.00",6,6," SIBU"," SARAWAK",2016-01-21
"BELIMBING BESI (B10)","F.A.Q","KILOGRAM","3.00",3,3," SIBU"," SARAWAK",2016-01-21
"BELIMBING BESI B17/MADU","F.A.Q","KILOGRAM","3.50",3.5,3.5," SIBU"," SARAWAK",2016-01-21
"BETIK","F.A.Q","KILOGRAM","2.00",2,2," SIBU"," SARAWAK",2016-01-21
"DAGING PEJAL","F.A.Q","KILOGRAM","24.00",24,24," SIBU"," SARAWAK",2016-01-21
"DAUN BAWANG","F.A.Q","KILOGRAM","10.00",10,10," SIBU"," SARAWAK",2016-01-21
"EPAL MERAH","SEDANG","BIJI","1.00",1,1," SIBU"," SARAWAK",2016-01-21
"HALIA MUDA","F.A.Q","KILOGRAM","13.50",13.5,13.5," SIBU"," SARAWAK",2016-01-21
"HALIA TUA","F.A.Q","KILOGRAM","10.50",10.5,10.5," SIBU"," SARAWAK",2016-01-21
"KACANG BENDI","F.A.Q","KILOGRAM","7.00",7,7," SIBU"," SARAWAK",2016-01-21
"KACANG BUNCIS","F.A.Q","KILOGRAM","7.50",7.5,7.5," SIBU"," SARAWAK",2016-01-21
"KACANG PANJANG HIJAU","F.A.Q","KILOGRAM","6.00",6,6," SIBU"," SARAWAK",2016-01-21
"KAILAN","F.A.Q","KILOGRAM","7.00",7,7," SIBU"," SARAWAK",2016-01-21
"KANGKUNG/KANGKONG","F.A.Q","KILOGRAM","6.00",6,6," SIBU"," SARAWAK",2016-01-21
"KELAPA PARUT","F.A.Q","KILOGRAM","5.00",5,5," SIBU"," SARAWAK",2016-01-21
"KETOLA SEGI","F.A.Q","KILOGRAM","6.00",6,6," SIBU"," SARAWAK",2016-01-21
"KOBIS BULAT (CHINA)","F.A.Q","KILOGRAM","3.00",3,3," SIBU"," SARAWAK",2016-01-21
"KOBIS BULAT (INDONESIA)","F.A.Q","KILOGRAM","3.00",3,3," SIBU"," SARAWAK",2016-01-21
"LOBAK MERAH (IMPORT)","F.A.Q","KILOGRAM","4.00",4,4," SIBU"," SARAWAK",2016-01-21
"PERIA","F.A.Q","KILOGRAM","6.00",6,6," SIBU"," SARAWAK",2016-01-21
"PISANG BERANGAN","F.A.Q","KILOGRAM","2.50",2.5,2.5," SIBU"," SARAWAK",2016-01-21
"PISANG MONTEL (CAVENDISH)","F.A.Q","KILOGRAM","2.70",2.7,2.7," SIBU"," SARAWAK",2016-01-21
"SAWI HIJAU CERAH","F.A.Q","KILOGRAM","6.00",6,6," SIBU"," SARAWAK",2016-01-21
"TELUR AYAM","A","BIJI",".37",0.37,0.37," SIBU"," SARAWAK",2016-01-21
"TELUR AYAM","B","BIJI",".36",0.36,0.36," SIBU"," SARAWAK",2016-01-21
"TELUR AYAM","C","BIJI",".35",0.35,0.35," SIBU"," SARAWAK",2016-01-21
"TEMBIKAI NEW DRAGON","F.A.Q","KILOGRAM","3.00",3,3," SIBU"," SARAWAK",2016-01-21
"TERUNG PEPARU PANJANG TANAH RENDAH","F.A.Q","KILOGRAM","7.00",7,7," SIBU"," SARAWAK",2016-01-21
"TIMUN HIJAU CERAH","F.A.Q","KILOGRAM","5.50",5.5,5.5," SIBU"," SARAWAK",2016-01-21
"AYAM KACUKAN BETINA","F.A.Q","KILOGRAM","8.00",8,8," KUALA LUMPUR"," W.P. KUALA LUMPUR",2016-01-21
"AYAM PROSES (STANDARD)","F.A.Q","KILOGRAM","8.50",8.5,8.5," KUALA LUMPUR"," W.P. KUALA LUMPUR",2016-01-21
"BAWANG MERAH KECIL (THAI)","F.A.Q","KILOGRAM","14.00",14,14," KUALA LUMPUR"," W.P. KUALA LUMPUR",2016-01-21
"BAYAM HIJAU","F.A.Q","KILOGRAM","3.00",3,3," KUALA LUMPUR"," W.P. KUALA LUMPUR",2016-01-21
"BELIMBING BESI (B10)","F.A.Q","KILOGRAM","4.00",4,4," KUALA LUMPUR"," W.P. KUALA LUMPUR",2016-01-21
"BETIK HONG KONG / BETIK SEKAKI","F.A.Q","KILOGRAM","3.50",3.5,3.5," KUALA LUMPUR"," W.P. KUALA LUMPUR",2016-01-21
"BIRI-BIRI IMPORT BEKU","F.A.Q","KILOGRAM","24.00",24,24," KUALA LUMPUR"," W.P. KUALA LUMPUR",2016-01-21
"BUNGA KANTAN","F.A.Q","TANGKAI","2.00",2,2," KUALA LUMPUR"," W.P. KUALA LUMPUR",2016-01-21
"CILI HIJAU","F.A.Q","KILOGRAM","7.00",7,7," KUALA LUMPUR"," W.P. KUALA LUMPUR",2016-01-21
"CILI MERAH KULAI","F.A.Q","KILOGRAM","8.00",8,8," KUALA LUMPUR"," W.P. KUALA LUMPUR",2016-01-21
"DAGING IMPORT PEJAL (INDIA) - SILVER SIDE","F.A.Q","KILOGRAM","17.00",17,17," KUALA LUMPUR"," W.P. KUALA LUMPUR",2016-01-21
"DAGING IMPORT PEJAL (INDIA) - TOP SIDE","F.A.Q","KILOGRAM","18.00",18,18," KUALA LUMPUR"," W.P. KUALA LUMPUR",2016-01-21
"DAGING PEJAL","F.A.Q","KILOGRAM","28.00",28,28," KUALA LUMPUR"," W.P. KUALA LUMPUR",2016-01-21
"DAUN BAWANG","F.A.Q","KILOGRAM","5.00",5,5," KUALA LUMPUR"," W.P. KUALA LUMPUR",2016-01-21
"DAUN KOBIS/KOBIS PANJANG (TEMPATAN)","F.A.Q","KILOGRAM","3.50",3.5,3.5," KUALA LUMPUR"," W.P. KUALA LUMPUR",2016-01-21
"DAUN SUP/SADRI CINA TEMPATAN TANAH TINGGI","F.A.Q","KILOGRAM","8.00",8,8," KUALA LUMPUR"," W.P. KUALA LUMPUR",2016-01-21
"EPAL MERAH","SEDANG","BIJI",".80",0.75,0.7," KUALA LUMPUR"," W.P. KUALA LUMPUR",2016-01-21
"HALIA MUDA","F.A.Q","KILOGRAM","9.00",9,9," KUALA LUMPUR"," W.P. KUALA LUMPUR",2016-01-21
"HALIA TUA","F.A.Q","KILOGRAM","6.00",6,6," KUALA LUMPUR"," W.P. KUALA LUMPUR",2016-01-21
"KACANG BENDI","F.A.Q","KILOGRAM","7.00",7,7," KUALA LUMPUR"," W.P. KUALA LUMPUR",2016-01-21
"KACANG BUNCIS","F.A.Q","KILOGRAM","8.00",8,8," KUALA LUMPUR"," W.P. KUALA LUMPUR",2016-01-21
"KACANG PANJANG HIJAU","F.A.Q","KILOGRAM","7.00",7,7," KUALA LUMPUR"," W.P. KUALA LUMPUR",2016-01-21
"KAILAN","F.A.Q","KILOGRAM","8.00",7.5,7," KUALA LUMPUR"," W.P. KUALA LUMPUR",2016-01-21
"KAMBING (PEJAL)","F.A.Q","KILOGRAM","38.00",38,38," KUALA LUMPUR"," W.P. KUALA LUMPUR",2016-01-21
"KANGKUNG/KANGKONG","F.A.Q","KILOGRAM","3.00",3,3," KUALA LUMPUR"," W.P. KUALA LUMPUR",2016-01-21
"KELAPA DIKUPAS","BESAR","BIJI","2.00",2,2," KUALA LUMPUR"," W.P. KUALA LUMPUR",2016-01-21
"KELAPA PARUT","F.A.Q","KILOGRAM","6.00",6,6," KUALA LUMPUR"," W.P. KUALA LUMPUR",2016-01-21
"KETOLA SEGI","F.A.Q","KILOGRAM","4.00",4,4," KUALA LUMPUR"," W.P. KUALA LUMPUR",2016-01-21
"KOBIS BULAT (CHINA)","F.A.Q","KILOGRAM","3.00",3,3," KUALA LUMPUR"," W.P. KUALA LUMPUR",2016-01-21
"KOBIS BULAT (TANAH TINGGI)","F.A.Q","KILOGRAM","3.50",3.5,3.5," KUALA LUMPUR"," W.P. KUALA LUMPUR",2016-01-21
"LOBAK MERAH (IMPORT)","F.A.Q","KILOGRAM","3.50",3.5,3.5," KUALA LUMPUR"," W.P. KUALA LUMPUR",2016-01-21
"PERIA","F.A.Q","KILOGRAM","5.00",5,5," KUALA LUMPUR"," W.P. KUALA LUMPUR",2016-01-21
"PISANG BERANGAN","F.A.Q","KILOGRAM","4.50",4.5,4.5," KUALA LUMPUR"," W.P. KUALA LUMPUR",2016-01-21
"PISANG MONTEL (CAVENDISH)","F.A.Q","KILOGRAM","5.00",5,5," KUALA LUMPUR"," W.P. KUALA LUMPUR",2016-01-21
"SALAD BULAT TANAH TINGGI","F.A.Q","KILOGRAM","5.00",5,5," KUALA LUMPUR"," W.P. KUALA LUMPUR",2016-01-21
"SALAD TANAH RENDAH","F.A.Q","KILOGRAM","11.00",11,11," KUALA LUMPUR"," W.P. KUALA LUMPUR",2016-01-21
"SANTAN","F.A.Q","KILOGRAM","6.00",6,6," KUALA LUMPUR"," W.P. KUALA LUMPUR",2016-01-21
"SAWI HIJAU CERAH","F.A.Q","KILOGRAM","3.00",3,3," KUALA LUMPUR"," W.P. KUALA LUMPUR",2016-01-21
"TELUR AYAM","A","BIJI",".38",0.38,0.38," KUALA LUMPUR"," W.P. KUALA LUMPUR",2016-01-21
"TELUR AYAM","B","BIJI",".36",0.36,0.36," KUALA LUMPUR"," W.P. KUALA LUMPUR",2016-01-21
"TELUR AYAM","C","BIJI",".35",0.35,0.35," KUALA LUMPUR"," W.P. KUALA LUMPUR",2016-01-21
"TEMBIKAI NEW DRAGON","F.A.Q","KILOGRAM","3.00",3,3," KUALA LUMPUR"," W.P. KUALA LUMPUR",2016-01-21
"TERUNG PEPARU PANJANG TANAH RENDAH","F.A.Q","KILOGRAM","4.50",4.5,4.5," KUALA LUMPUR"," W.P. KUALA LUMPUR",2016-01-21
"TIMUN HIJAU CERAH","F.A.Q","KILOGRAM","2.50",2.5,2.5," KUALA LUMPUR"," W.P. KUALA LUMPUR",2016-01-21
"TOMATO TANAH TINGGI","F.A.Q","KILOGRAM","3.50",3.5,3.5," KUALA LUMPUR"," W.P. KUALA LUMPUR",2016-01-21
"UBI KENTANG","F.A.Q","KILOGRAM","3.00",3,3," KUALA LUMPUR"," W.P. KUALA LUMPUR",2016-01-21
"AYAM PROSES (STANDARD)","F.A.Q","KILOGRAM","10.00",10,10," LABUAN"," W.P. LABUAN",2016-01-21
"AYAM PROSES (SUPER)","F.A.Q","KILOGRAM","10.50",10.5,10.5," LABUAN"," W.P. LABUAN",2016-01-21
"BAYAM HIJAU","F.A.Q","KILOGRAM","6.00",6,6," LABUAN"," W.P. LABUAN",2016-01-21
"BELIMBING BESI (B10)","F.A.Q","KILOGRAM","6.00",6,6," LABUAN"," W.P. LABUAN",2016-01-21
"BETIK","F.A.Q","KILOGRAM","2.50",2.5,2.5," LABUAN"," W.P. LABUAN",2016-01-21
"BUNGA KANTAN","F.A.Q","TANGKAI","1.30",1.3,1.3," LABUAN"," W.P. LABUAN",2016-01-21
"CILI HIJAU","F.A.Q","KILOGRAM","11.00",11,11," LABUAN"," W.P. LABUAN",2016-01-21
"DAGING IMPORT PEJAL (INDIA) - TOP SIDE","F.A.Q","KILOGRAM","18.00",18,18," LABUAN"," W.P. LABUAN",2016-01-21
"DAGING PEJAL","F.A.Q","KILOGRAM","27.00",27,27," LABUAN"," W.P. LABUAN",2016-01-21
"DAUN BAWANG","F.A.Q","KILOGRAM","7.00",7,7," LABUAN"," W.P. LABUAN",2016-01-21
"DAUN KOBIS/KOBIS PANJANG (TEMPATAN)","F.A.Q","KILOGRAM","5.00",5,5," LABUAN"," W.P. LABUAN",2016-01-21
"DAUN SUP/SADRI CINA TEMPATAN TANAH TINGGI","F.A.Q","KILOGRAM","12.00",12,12," LABUAN"," W.P. LABUAN",2016-01-21
"EPAL MERAH","SEDANG","BIJI","1.50",1.5,1.5," LABUAN"," W.P. LABUAN",2016-01-21
"HALIA MUDA (IMPORT)","F.A.Q","KILOGRAM","12.00",12,12," LABUAN"," W.P. LABUAN",2016-01-21
"HALIA TUA","F.A.Q","KILOGRAM","14.00",14,14," LABUAN"," W.P. LABUAN",2016-01-21
"KACANG BENDI","F.A.Q","KILOGRAM","7.00",7,7," LABUAN"," W.P. LABUAN",2016-01-21
"KACANG BUNCIS","F.A.Q","KILOGRAM","7.00",7,7," LABUAN"," W.P. LABUAN",2016-01-21
"KACANG PANJANG HIJAU","F.A.Q","KILOGRAM","6.00",6,6," LABUAN"," W.P. LABUAN",2016-01-21
"KAILAN","F.A.Q","KILOGRAM","7.00",7,7," LABUAN"," W.P. LABUAN",2016-01-21
"KANGKUNG/KANGKONG","F.A.Q","KILOGRAM","5.00",5,5," LABUAN"," W.P. LABUAN",2016-01-21
"KELAPA DIKUPAS","SEDANG","BIJI","1.80",1.8,1.8," LABUAN"," W.P. LABUAN",2016-01-21
"KELAPA PARUT","F.A.Q","KILOGRAM","7.00",7,7," LABUAN"," W.P. LABUAN",2016-01-21
"KETOLA SEGI","F.A.Q","KILOGRAM","5.00",5,5," LABUAN"," W.P. LABUAN",2016-01-21
"KOBIS BULAT (TANAH TINGGI)","F.A.Q","KILOGRAM","4.00",4,4," LABUAN"," W.P. LABUAN",2016-01-21
"LOBAK MERAH (IMPORT)","F.A.Q","KILOGRAM","9.00",9,9," LABUAN"," W.P. LABUAN",2016-01-21
"PERIA","F.A.Q","KILOGRAM","7.00",7,7," LABUAN"," W.P. LABUAN",2016-01-21
"PISANG BERANGAN","F.A.Q","KILOGRAM","4.00",4,4," LABUAN"," W.P. LABUAN",2016-01-21
"PISANG MONTEL (CAVENDISH)","F.A.Q","KILOGRAM","4.50",4.5,4.5," LABUAN"," W.P. LABUAN",2016-01-21
"SALAD BULAT TANAH TINGGI","F.A.Q","KILOGRAM","9.00",9,9," LABUAN"," W.P. LABUAN",2016-01-21
"SANTAN","F.A.Q","KILOGRAM","10.00",10,10," LABUAN"," W.P. LABUAN",2016-01-21
"SAWI HIJAU CERAH","F.A.Q","KILOGRAM","6.00",6,6," LABUAN"," W.P. LABUAN",2016-01-21
"TELUR AYAM","A","BIJI",".43",0.43,0.43," LABUAN"," W.P. LABUAN",2016-01-21
"TELUR AYAM","B","BIJI",".40",0.4,0.4," LABUAN"," W.P. LABUAN",2016-01-21
"TELUR AYAM","C","BIJI",".39",0.39,0.39," LABUAN"," W.P. LABUAN",2016-01-21
"TEMBIKAI NEW DRAGON","F.A.Q","KILOGRAM","2.50",2.5,2.5," LABUAN"," W.P. LABUAN",2016-01-21
"TERUNG PEPARU PANJANG TANAH RENDAH","F.A.Q","KILOGRAM","6.00",6,6," LABUAN"," W.P. LABUAN",2016-01-21
"TIMUN HIJAU CERAH","F.A.Q","KILOGRAM","2.50",2.5,2.5," LABUAN"," W.P. LABUAN",2016-01-21
"TOMATO TANAH TINGGI","F.A.Q","KILOGRAM","6.00",6,6," LABUAN"," W.P. LABUAN",2016-01-21
"UBI KENTANG","F.A.Q","KILOGRAM","5.00",5,5," LABUAN"," W.P. LABUAN",2016-01-21
